tran_id,cust_id,tran_amount,tran_type,country_cd,tran_date
TD_111529,cust_4271,4021518.73,D,USA,2022-05-12
TD_111530,cust_1164,3242363.4,D,CAN,2022-05-12
FX_111531,cust_8815,1697439.73,C,PAL,2022-05-12
FX_111532,cust_5015,2288758.71,C,CAN,2022-05-12
TD_111533,cust_8809,618407.89,C,USA,2022-05-12
TD_111534,cust_9817,6364173.45,D,KON,2022-05-12
FX_111535,cust_5825,3340456.98,D,USA,2022-05-12
TD_111536,cust_7421,3891232.84,D,KON,2022-05-12
FX_111537,cust_4523,1106931.44,C,JPN,2022-05-12
FX_111538,cust_2275,363493.9,D,CHN,2022-05-12
FX_111539,cust_5551,9886110.71,D,PAL,2022-05-12
TD_111540,cust_5513,5562269.05,C,KON,2022-05-12
FX_111541,cust_6046,7630318.43,D,KON,2022-05-12
TD_111542,cust_2766,6403139.87,D,AFG,2022-05-12
FX_111543,cust_9479,8613156.65,C,PAL,2022-05-12
FX_111544,cust_8562,3015680.89,D,KON,2022-05-12
FX_111545,cust_9170,5917807.9,D,AFG,2022-05-12
TD_111546,cust_1973,8191508.56,C,JPN,2022-05-12
FX_111547,cust_8096,2250924.35,D,CHN,2022-05-12
FX_111548,cust_2873,554502.3,C,USA,2022-05-12
TD_111549,cust_4919,9241069.66,D,USA,2022-05-12
TD_111550,cust_2082,8651415.34,C,IND,2022-05-12
TD_111551,cust_7136,4472002.17,D,PAL,2022-05-12
FX_111552,cust_9277,345408.78,C,AFG,2022-05-12
FX_111553,cust_3262,5086936.24,C,KON,2022-05-12
TD_111554,cust_4841,2584790.64,D,JPN,2022-05-12
FX_111555,cust_7994,1005293.65,D,USA,2022-05-12
FX_111556,cust_5274,1987366.79,D,KON,2022-05-12
FX_111557,cust_7566,2801040.9,D,IND,2022-05-12
TD_111558,cust_2436,1114187.75,C,CHN,2022-05-12
TD_111559,cust_8108,6885104.62,D,KON,2022-05-12
TD_111560,cust_5665,6121165.31,D,JPN,2022-05-12
TD_111561,cust_6519,9651539.49,C,PAL,2022-05-12
TD_111562,cust_7976,5523972.42,C,AFG,2022-05-12
FX_111563,cust_1995,5613038.85,C,PAL,2022-05-12
TD_111564,cust_4656,9768942.7,C,AFG,2022-05-12
TD_111565,cust_1740,3384659.13,D,CHN,2022-05-12
FX_111566,cust_7012,5730865.64,D,IND,2022-05-12
FX_111567,cust_6391,7712697.21,C,JPN,2022-05-12
TD_111568,cust_6534,2701389.35,D,CHN,2022-05-12
FX_111569,cust_9613,2700867.44,C,PAL,2022-05-12
FX_111570,cust_5937,1235433.92,D,KON,2022-05-12
FX_111571,cust_2983,3807303.07,C,KON,2022-05-12
FX_111572,cust_7843,9992530.91,D,KON,2022-05-12
FX_111573,cust_4654,8022860.42,D,KON,2022-05-12
TD_111574,cust_1453,6647072.34,D,JPN,2022-05-12
TD_111575,cust_4712,8113578.76,D,USA,2022-05-12
FX_111576,cust_4689,1633103.69,C,AFG,2022-05-12
FX_111577,cust_5166,7685136.07,C,IND,2022-05-12
FX_111578,cust_7694,3505561.26,C,CAN,2022-05-12
FX_111579,cust_4928,8785410.81,D,IND,2022-05-12
FX_111580,cust_6441,780286.96,D,USA,2022-05-12
TD_111581,cust_4730,5207604.71,C,CHN,2022-05-12
FX_111582,cust_5321,4803250.91,D,PAL,2022-05-12
FX_111583,cust_1113,1533271.71,D,PAL,2022-05-12
TD_111584,cust_9534,6467429.63,C,USA,2022-05-12
TD_111585,cust_9227,2100597.63,C,CAN,2022-05-12
TD_111586,cust_2363,7070735.89,C,PAL,2022-05-12
TD_111587,cust_9123,8135812.04,C,PAL,2022-05-12
FX_111588,cust_7601,1775236.2,D,IND,2022-05-12
TD_111589,cust_3568,8056483.18,D,CAN,2022-05-12
TD_111590,cust_7168,5911183.14,D,JPN,2022-05-12
FX_111591,cust_6971,4308497.0,C,JPN,2022-05-12
TD_111592,cust_3428,7616200.86,D,IND,2022-05-12
FX_111593,cust_1015,8713950.29,D,AFG,2022-05-12
TD_111594,cust_4972,8484176.15,C,KON,2022-05-12
TD_111595,cust_2296,3631499.77,D,USA,2022-05-12
FX_111596,cust_4836,1796803.28,D,JPN,2022-05-12
FX_111597,cust_3860,6546930.98,C,PAL,2022-05-12
FX_111598,cust_6859,1762925.12,D,IND,2022-05-12
FX_111599,cust_3006,2744688.71,D,AFG,2022-05-12
FX_111600,cust_4241,2059573.32,C,CHN,2022-05-12
FX_111601,cust_2266,556873.05,C,CAN,2022-05-12
TD_111602,cust_8248,9031295.98,C,JPN,2022-05-12
FX_111603,cust_1131,6023949.88,C,KON,2022-05-12
TD_111604,cust_2661,9112996.24,D,KON,2022-05-12
FX_111605,cust_4751,8563626.37,C,USA,2022-05-12
FX_111606,cust_6937,723492.86,C,JPN,2022-05-12
TD_111607,cust_4547,1655383.5,C,CAN,2022-05-12
FX_111608,cust_7987,1882410.62,C,JPN,2022-05-12
TD_111609,cust_3176,7070139.45,C,USA,2022-05-12
TD_111610,cust_8035,1316286.44,D,USA,2022-05-12
TD_111611,cust_8815,1415364.82,C,AFG,2022-05-12
TD_111612,cust_1652,2194200.76,C,KON,2022-05-12
TD_111613,cust_4428,6927736.69,C,CHN,2022-05-12
TD_111614,cust_5255,4216428.6,C,JPN,2022-05-12
TD_111615,cust_2992,1465221.22,D,PAL,2022-05-12
FX_111616,cust_7161,1618792.49,C,USA,2022-05-12
FX_111617,cust_4143,1921734.43,C,JPN,2022-05-12
TD_111618,cust_2405,2474238.5,C,KON,2022-05-12
TD_111619,cust_8439,4876077.33,D,AFG,2022-05-12
FX_111620,cust_6785,7550288.78,C,IND,2022-05-12
TD_111621,cust_6516,3515376.33,C,AFG,2022-05-12
TD_111622,cust_1124,4752489.78,D,JPN,2022-05-12
FX_111623,cust_9542,8664168.2,D,KON,2022-05-12
FX_111624,cust_2912,6030446.59,D,KON,2022-05-12
TD_111625,cust_4172,6587460.68,C,IND,2022-05-12
FX_111626,cust_9820,6255124.59,D,CAN,2022-05-12
TD_111627,cust_3715,634067.98,D,JPN,2022-05-12
FX_111628,cust_5783,3921923.23,D,USA,2022-05-12
FX_111629,cust_8940,1541537.31,D,USA,2022-05-12
FX_111630,cust_6148,5301252.53,D,KON,2022-05-12
FX_111631,cust_2708,6870481.87,D,JPN,2022-05-12
TD_111632,cust_7124,656202.27,D,KON,2022-05-12
FX_111633,cust_2268,1648009.81,D,PAL,2022-05-12
TD_111634,cust_4542,2240995.69,C,KON,2022-05-12
FX_111635,cust_3093,8284787.05,D,JPN,2022-05-12
TD_111636,cust_2607,7987604.02,C,JPN,2022-05-12
TD_111637,cust_1187,5402331.75,D,CHN,2022-05-12
FX_111638,cust_8544,6477947.98,C,USA,2022-05-12
FX_111639,cust_8822,4638521.05,D,JPN,2022-05-12
TD_111640,cust_2356,6626948.8,C,IND,2022-05-12
TD_111641,cust_8172,8383877.81,C,JPN,2022-05-12
TD_111642,cust_5456,9621339.21,D,CHN,2022-05-12
FX_111643,cust_5526,4632562.5,C,JPN,2022-05-12
TD_111644,cust_1438,7195374.15,C,KON,2022-05-12
TD_111645,cust_1551,198024.13,D,PAL,2022-05-12
FX_111646,cust_9341,1007705.27,D,IND,2022-05-12
TD_111647,cust_7971,2779900.64,D,KON,2022-05-12
TD_111648,cust_5150,1135579.95,C,USA,2022-05-12
TD_111649,cust_2726,3947485.7,C,PAL,2022-05-12
TD_111650,cust_1074,1430439.5,D,USA,2022-05-12
TD_111651,cust_8388,3612968.56,D,PAL,2022-05-12
FX_111652,cust_3056,7892076.7,D,KON,2022-05-12
FX_111653,cust_3684,9891782.5,D,KON,2022-05-12
FX_111654,cust_2123,6912100.06,C,KON,2022-05-12
TD_111655,cust_2062,536696.48,C,AFG,2022-05-12
TD_111656,cust_2330,2011732.23,C,USA,2022-05-12
TD_111657,cust_2841,9461917.87,C,USA,2022-05-12
FX_111658,cust_2084,9708184.19,C,KON,2022-05-12
FX_111659,cust_1365,8343251.37,D,PAL,2022-05-12
TD_111660,cust_3273,8881868.66,C,AFG,2022-05-12
FX_111661,cust_2130,7386874.48,C,IND,2022-05-12
TD_111662,cust_9594,9739042.23,D,IND,2022-05-12
FX_111663,cust_2930,5999762.6,D,PAL,2022-05-12
FX_111664,cust_2071,8145746.39,D,KON,2022-05-12
FX_111665,cust_6714,4527660.11,C,AFG,2022-05-12
FX_111666,cust_5315,4962155.57,C,PAL,2022-05-12
TD_111667,cust_3913,8661183.28,C,CAN,2022-05-12
TD_111668,cust_7648,2843419.04,D,CAN,2022-05-12
TD_111669,cust_9061,6441472.07,D,CHN,2022-05-12
TD_111670,cust_6680,9347992.51,D,CHN,2022-05-12
TD_111671,cust_1326,6763700.93,D,PAL,2022-05-12
FX_111672,cust_4865,8904903.98,C,IND,2022-05-12
TD_111673,cust_6588,5419901.47,D,KON,2022-05-12
TD_111674,cust_1830,5217854.26,D,IND,2022-05-12
FX_111675,cust_5967,6530979.31,C,KON,2022-05-12
TD_111676,cust_6415,8635919.72,D,CHN,2022-05-12
FX_111677,cust_4133,2629356.13,C,PAL,2022-05-12
TD_111678,cust_9905,1714785.68,D,IND,2022-05-12
FX_111679,cust_7521,4668199.78,C,CHN,2022-05-12
TD_111680,cust_1609,8941470.26,C,PAL,2022-05-12
FX_111681,cust_5398,7751915.18,D,IND,2022-05-12
FX_111682,cust_7240,5839464.17,C,PAL,2022-05-12
TD_111683,cust_1619,7237958.01,D,JPN,2022-05-12
TD_111684,cust_8698,4972644.26,C,PAL,2022-05-12
TD_111685,cust_4464,9882263.45,D,CAN,2022-05-12
FX_111686,cust_7856,2320468.25,D,CAN,2022-05-12
TD_111687,cust_6803,7551608.62,D,AFG,2022-05-12
TD_111688,cust_2535,7312734.3,D,CHN,2022-05-12
TD_111689,cust_8810,6721961.58,C,IND,2022-05-12
FX_111690,cust_6668,1503902.55,C,AFG,2022-05-12
TD_111691,cust_9866,9235842.03,C,PAL,2022-05-12
FX_111692,cust_2589,6240946.81,C,CHN,2022-05-12
TD_111693,cust_6459,5849414.65,D,KON,2022-05-12
FX_111694,cust_3942,3585979.28,C,KON,2022-05-12
TD_111695,cust_6072,3470039.0,C,USA,2022-05-12
FX_111696,cust_6230,7822329.04,D,CAN,2022-05-12
FX_111697,cust_4538,39825.84,D,KON,2022-05-12
FX_111698,cust_2544,8336510.39,C,KON,2022-05-12
FX_111699,cust_1179,6337224.51,D,KON,2022-05-12
TD_111700,cust_6555,3193845.48,D,JPN,2022-05-12
TD_111701,cust_9023,2891546.83,D,CAN,2022-05-12
TD_111702,cust_2333,6586633.93,C,CHN,2022-05-12
TD_111703,cust_9206,1552035.98,C,CAN,2022-05-12
FX_111704,cust_5442,8958332.83,D,KON,2022-05-12
TD_111705,cust_3862,8115507.43,D,JPN,2022-05-12
FX_111706,cust_4361,2893924.72,D,CAN,2022-05-12
FX_111707,cust_3989,409069.72,D,PAL,2022-05-12
FX_111708,cust_7173,7522796.79,D,USA,2022-05-12
FX_111709,cust_2386,6294136.97,D,JPN,2022-05-12
TD_111710,cust_2593,42417.7,C,CHN,2022-05-12
FX_111711,cust_4136,5103395.86,D,KON,2022-05-12
TD_111712,cust_6969,9059511.93,C,IND,2022-05-12
FX_111713,cust_6017,1313292.71,D,USA,2022-05-12
FX_111714,cust_6510,1700460.27,C,PAL,2022-05-12
TD_111715,cust_5933,8037117.73,C,USA,2022-05-12
TD_111716,cust_7774,2581897.74,C,JPN,2022-05-12
TD_111717,cust_2320,1066699.94,C,IND,2022-05-12
FX_111718,cust_3540,2171023.25,D,AFG,2022-05-12
FX_111719,cust_9541,3542002.7,D,IND,2022-05-12
TD_111720,cust_7781,1782895.9,D,PAL,2022-05-12
TD_111721,cust_2400,768767.81,C,IND,2022-05-12
FX_111722,cust_7655,8140544.14,D,IND,2022-05-12
FX_111723,cust_1613,8291645.09,C,CAN,2022-05-12
TD_111724,cust_7993,6125173.6,C,PAL,2022-05-12
TD_111725,cust_4881,1719686.63,C,USA,2022-05-12
FX_111726,cust_1829,4102444.59,C,PAL,2022-05-12
TD_111727,cust_3947,7981649.22,C,AFG,2022-05-12
TD_111728,cust_8965,3105188.27,D,IND,2022-05-12
FX_111729,cust_1974,4937395.46,D,CAN,2022-05-12
FX_111730,cust_7926,1211216.02,D,JPN,2022-05-12
FX_111731,cust_9057,733243.94,C,USA,2022-05-12
FX_111732,cust_4727,9823574.37,C,PAL,2022-05-12
TD_111733,cust_7273,1241315.8,D,JPN,2022-05-12
TD_111734,cust_9740,234216.62,C,CHN,2022-05-12
TD_111735,cust_8505,4495235.97,D,CHN,2022-05-12
FX_111736,cust_2156,651966.05,C,IND,2022-05-12
FX_111737,cust_3098,1718392.11,D,CHN,2022-05-12
FX_111738,cust_8448,3171726.98,D,CAN,2022-05-12
FX_111739,cust_3553,3157965.42,D,CHN,2022-05-12
TD_111740,cust_6663,9348801.57,C,KON,2022-05-12
TD_111741,cust_7125,7237765.26,C,PAL,2022-05-12
FX_111742,cust_5708,5906134.19,C,CAN,2022-05-12
TD_111743,cust_1137,5734295.91,C,CAN,2022-05-12
TD_111744,cust_4649,2345468.14,D,PAL,2022-05-12
FX_111745,cust_2895,2156045.76,C,CAN,2022-05-12
FX_111746,cust_3382,5593957.46,D,KON,2022-05-12
TD_111747,cust_3655,7826824.4,C,CHN,2022-05-12
TD_111748,cust_4013,552479.54,D,AFG,2022-05-12
TD_111749,cust_9736,7875424.77,D,CHN,2022-05-12
TD_111750,cust_4437,2036321.23,C,IND,2022-05-12
TD_111751,cust_1347,4171704.32,D,KON,2022-05-12
FX_111752,cust_7422,160744.84,C,AFG,2022-05-12
TD_111753,cust_3973,6911481.82,C,PAL,2022-05-12
FX_111754,cust_7934,431239.66,D,PAL,2022-05-12
TD_111755,cust_9477,9261768.36,D,CHN,2022-05-12
TD_111756,cust_9456,178986.75,D,KON,2022-05-12
FX_111757,cust_3794,1475968.62,C,KON,2022-05-12
TD_111758,cust_7496,2223404.65,C,CAN,2022-05-12
TD_111759,cust_5061,1963608.9,C,KON,2022-05-12
FX_111760,cust_4776,8300164.85,C,USA,2022-05-12
FX_111761,cust_1473,1797238.24,D,IND,2022-05-12
TD_111762,cust_2709,6243450.78,D,JPN,2022-05-12
FX_111763,cust_9267,5999717.68,C,CHN,2022-05-12
TD_111764,cust_4571,3712825.64,C,USA,2022-05-12
FX_111765,cust_7456,522044.69,D,USA,2022-05-12
FX_111766,cust_8509,5808523.65,D,PAL,2022-05-12
FX_111767,cust_9932,3931842.41,D,USA,2022-05-12
TD_111768,cust_6258,2239063.36,C,PAL,2022-05-12
FX_111769,cust_2976,2961253.02,D,KON,2022-05-12
FX_111770,cust_9938,9895469.0,C,CHN,2022-05-12
TD_111771,cust_5131,4695520.84,C,PAL,2022-05-12
TD_111772,cust_1016,2705265.13,D,KON,2022-05-12
FX_111773,cust_7292,7637086.24,D,USA,2022-05-12
TD_111774,cust_9932,2945440.75,D,JPN,2022-05-12
FX_111775,cust_1604,3640667.52,D,KON,2022-05-12
TD_111776,cust_6568,9724917.34,D,JPN,2022-05-12
FX_111777,cust_3362,6997432.12,D,IND,2022-05-12
FX_111778,cust_3061,7276207.03,D,JPN,2022-05-12
FX_111779,cust_4790,9831399.64,C,CAN,2022-05-12
FX_111780,cust_5956,6626134.43,D,KON,2022-05-12
FX_111781,cust_1363,5741727.89,D,CAN,2022-05-12
TD_111782,cust_3874,5194555.56,D,USA,2022-05-12
TD_111783,cust_9731,9032811.38,D,USA,2022-05-12
FX_111784,cust_1953,223853.54,D,JPN,2022-05-12
FX_111785,cust_7537,3205006.37,D,JPN,2022-05-12
FX_111786,cust_8544,137543.08,C,AFG,2022-05-12
FX_111787,cust_5327,488902.65,D,JPN,2022-05-12
TD_111788,cust_7150,3207913.37,C,CHN,2022-05-12
TD_111789,cust_9832,3106164.29,C,KON,2022-05-12
FX_111790,cust_8407,4203044.54,D,USA,2022-05-12
TD_111791,cust_8833,2773968.27,C,USA,2022-05-12
TD_111792,cust_1329,4903023.33,C,AFG,2022-05-12
FX_111793,cust_7817,1379120.33,D,USA,2022-05-12
TD_111794,cust_2633,2877280.86,C,CAN,2022-05-12
TD_111795,cust_5897,7229556.38,D,JPN,2022-05-12
TD_111796,cust_1880,4060956.89,C,KON,2022-05-12
FX_111797,cust_9031,697384.7,D,KON,2022-05-12
FX_111798,cust_2513,8215086.72,C,CHN,2022-05-12
TD_111799,cust_8406,3533935.35,D,CAN,2022-05-12
FX_111800,cust_2720,6028612.14,C,JPN,2022-05-12
FX_111801,cust_8465,8409241.06,D,PAL,2022-05-12
TD_111802,cust_6598,2988716.9,C,CAN,2022-05-12
FX_111803,cust_9366,9847583.0,D,CAN,2022-05-12
FX_111804,cust_2664,6500937.98,D,KON,2022-05-12
TD_111805,cust_9627,9661239.61,D,USA,2022-05-12
TD_111806,cust_5880,2804641.66,D,PAL,2022-05-12
TD_111807,cust_3046,6172785.6,D,PAL,2022-05-12
FX_111808,cust_4188,7376685.77,C,JPN,2022-05-12
TD_111809,cust_5964,6420553.45,C,CHN,2022-05-12
FX_111810,cust_4101,7538349.7,D,CAN,2022-05-12
FX_111811,cust_1241,7336651.11,C,USA,2022-05-12
TD_111812,cust_6905,2946976.75,D,USA,2022-05-12
TD_111813,cust_8557,3560723.34,C,CHN,2022-05-12
TD_111814,cust_4589,7794014.76,C,PAL,2022-05-12
FX_111815,cust_1126,1537481.3,C,AFG,2022-05-12
TD_111816,cust_1790,7233200.35,D,PAL,2022-05-12
FX_111817,cust_6022,4035083.21,D,PAL,2022-05-12
FX_111818,cust_8663,3850921.55,C,USA,2022-05-12
FX_111819,cust_1480,7511095.23,D,JPN,2022-05-12
FX_111820,cust_5363,6191294.95,D,CHN,2022-05-12
FX_111821,cust_9864,7557975.94,C,KON,2022-05-12
FX_111822,cust_2230,8616254.21,D,USA,2022-05-12
TD_111823,cust_5905,5296052.77,C,IND,2022-05-12
TD_111824,cust_7245,9150473.15,C,PAL,2022-05-12
TD_111825,cust_6782,811944.94,D,KON,2022-05-12
TD_111826,cust_4909,8363935.61,C,PAL,2022-05-12
TD_111827,cust_7787,1764582.99,D,KON,2022-05-12
TD_111828,cust_4682,6293201.42,C,PAL,2022-05-12
TD_111829,cust_3178,3434647.84,C,IND,2022-05-12
TD_111830,cust_8604,9277795.78,D,IND,2022-05-12
TD_111831,cust_5030,3382116.52,D,IND,2022-05-12
TD_111832,cust_3717,6337709.81,D,JPN,2022-05-12
FX_111833,cust_6396,4790395.75,C,KON,2022-05-12
FX_111834,cust_7560,9409734.04,D,JPN,2022-05-12
TD_111835,cust_3961,352200.88,C,CAN,2022-05-12
FX_111836,cust_6774,3892126.16,C,JPN,2022-05-12
FX_111837,cust_4161,5530731.6,C,PAL,2022-05-12
FX_111838,cust_3577,5985463.83,D,AFG,2022-05-12
TD_111839,cust_2101,9816113.71,C,PAL,2022-05-12
TD_111840,cust_6375,4484562.87,D,USA,2022-05-12
TD_111841,cust_6697,8160181.24,D,PAL,2022-05-12
FX_111842,cust_7750,3374842.03,C,CAN,2022-05-12
TD_111843,cust_2808,7771690.79,D,AFG,2022-05-12
FX_111844,cust_3984,5812988.0,C,CAN,2022-05-12
FX_111845,cust_4746,8536279.99,C,JPN,2022-05-12
FX_111846,cust_8906,8931864.84,C,PAL,2022-05-12
TD_111847,cust_8281,3770213.36,D,USA,2022-05-12
FX_111848,cust_8382,3265334.65,D,CAN,2022-05-12
TD_111849,cust_6382,5069845.87,D,AFG,2022-05-12
FX_111850,cust_6292,4024352.27,C,IND,2022-05-12
TD_111851,cust_8206,93675.61,C,KON,2022-05-12
TD_111852,cust_3273,3391819.33,C,USA,2022-05-12
FX_111853,cust_1487,6100692.01,C,IND,2022-05-12
TD_111854,cust_2439,7866316.94,C,CAN,2022-05-12
FX_111855,cust_3581,1418517.94,C,PAL,2022-05-12
TD_111856,cust_7705,6539389.26,D,PAL,2022-05-12
TD_111857,cust_1040,4919075.52,C,USA,2022-05-12
TD_111858,cust_9466,9976424.33,D,USA,2022-05-12
FX_111859,cust_7348,7105475.51,C,PAL,2022-05-12
TD_111860,cust_5637,2666502.14,D,IND,2022-05-12
FX_111861,cust_2516,6842896.83,C,CHN,2022-05-12
TD_111862,cust_7746,8808101.1,D,CHN,2022-05-12
FX_111863,cust_8445,654147.22,D,CAN,2022-05-12
TD_111864,cust_2999,8980309.94,D,IND,2022-05-12
TD_111865,cust_6182,9901982.88,D,CAN,2022-05-12
FX_111866,cust_9657,2307730.1,D,JPN,2022-05-12
FX_111867,cust_1211,1928040.61,C,JPN,2022-05-12
TD_111868,cust_8101,5751134.16,C,JPN,2022-05-12
FX_111869,cust_3661,1014557.77,C,PAL,2022-05-12
TD_111870,cust_3008,3807674.26,C,CHN,2022-05-12
TD_111871,cust_3363,5286389.01,D,CHN,2022-05-12
FX_111872,cust_7338,5712670.55,D,KON,2022-05-12
FX_111873,cust_4835,2088797.79,C,PAL,2022-05-12
FX_111874,cust_7345,3814624.72,D,USA,2022-05-12
FX_111875,cust_9521,8618214.23,C,USA,2022-05-12
TD_111876,cust_8478,9189656.05,C,JPN,2022-05-12
TD_111877,cust_7324,6461785.85,C,AFG,2022-05-12
FX_111878,cust_6588,5964480.59,D,JPN,2022-05-12
FX_111879,cust_6534,8973841.38,C,CHN,2022-05-12
FX_111880,cust_9425,9671972.42,C,JPN,2022-05-12
FX_111881,cust_6910,3940079.93,C,IND,2022-05-12
TD_111882,cust_1122,2481388.69,C,KON,2022-05-12
FX_111883,cust_4230,8590538.68,C,USA,2022-05-12
FX_111884,cust_6521,2178192.9,D,AFG,2022-05-12
FX_111885,cust_8985,356619.6,C,PAL,2022-05-12
FX_111886,cust_1663,7646994.96,C,PAL,2022-05-12
TD_111887,cust_6371,8163372.77,D,USA,2022-05-12
FX_111888,cust_4807,7469098.08,D,KON,2022-05-12
TD_111889,cust_6346,7957218.99,D,IND,2022-05-12
FX_111890,cust_6059,9116966.27,C,PAL,2022-05-12
FX_111891,cust_2869,725483.65,D,USA,2022-05-12
TD_111892,cust_6598,832877.66,D,PAL,2022-05-12
FX_111893,cust_3379,3640376.13,D,AFG,2022-05-12
TD_111894,cust_1647,3668213.3,C,KON,2022-05-12
FX_111895,cust_1458,1479856.94,C,IND,2022-05-12
TD_111896,cust_5160,8408375.24,D,JPN,2022-05-12
FX_111897,cust_4167,8334188.22,C,IND,2022-05-12
FX_111898,cust_1927,57962.31,C,USA,2022-05-12
FX_111899,cust_1725,1393795.08,C,JPN,2022-05-12
FX_111900,cust_6849,3102345.4,D,CAN,2022-05-12
FX_111901,cust_6706,7311073.17,D,USA,2022-05-12
FX_111902,cust_7923,6035070.73,D,KON,2022-05-12
TD_111903,cust_7725,2828893.87,D,PAL,2022-05-12
TD_111904,cust_7131,5131578.77,D,CAN,2022-05-12
FX_111905,cust_8580,6703785.86,C,AFG,2022-05-12
TD_111906,cust_6450,7479760.82,D,IND,2022-05-12
FX_111907,cust_6272,5516937.28,C,AFG,2022-05-12
TD_111908,cust_2594,294402.97,D,IND,2022-05-12
FX_111909,cust_1311,2216669.79,C,USA,2022-05-12
FX_111910,cust_8742,2244058.6,C,USA,2022-05-12
TD_111911,cust_8286,3045238.21,C,KON,2022-05-12
FX_111912,cust_5304,9484258.08,C,IND,2022-05-12
FX_111913,cust_2827,113545.33,C,CAN,2022-05-12
TD_111914,cust_8438,333628.52,D,IND,2022-05-12
TD_111915,cust_9750,1790812.66,C,PAL,2022-05-12
FX_111916,cust_5308,72992.57,C,IND,2022-05-12
FX_111917,cust_9011,9336118.22,D,PAL,2022-05-12
TD_111918,cust_6072,2217802.15,D,CAN,2022-05-12
FX_111919,cust_9874,6439287.94,D,CAN,2022-05-12
TD_111920,cust_5470,5537049.55,C,IND,2022-05-12
FX_111921,cust_9814,743547.36,D,CHN,2022-05-12
TD_111922,cust_2340,7352812.36,C,CHN,2022-05-12
TD_111923,cust_5625,4752003.05,C,CHN,2022-05-12
FX_111924,cust_3130,8281737.95,D,CHN,2022-05-12
TD_111925,cust_1109,7579460.95,C,PAL,2022-05-12
FX_111926,cust_1333,9556483.04,C,CHN,2022-05-12
FX_111927,cust_7552,8980632.82,C,JPN,2022-05-12
TD_111928,cust_9090,9024206.24,D,IND,2022-05-12
FX_111929,cust_8054,4379512.71,D,AFG,2022-05-12
TD_111930,cust_8987,8617927.81,D,CAN,2022-05-12
TD_111931,cust_3051,8573914.95,D,PAL,2022-05-12
TD_111932,cust_7924,3295589.57,C,JPN,2022-05-12
FX_111933,cust_7742,462970.77,C,IND,2022-05-12
FX_111934,cust_5351,9682172.23,D,KON,2022-05-12
FX_111935,cust_9285,4406008.51,C,CAN,2022-05-12
FX_111936,cust_9767,2018334.41,C,CAN,2022-05-12
TD_111937,cust_2483,5113211.18,C,IND,2022-05-12
TD_111938,cust_5539,1789306.53,D,KON,2022-05-12
FX_111939,cust_8504,7866607.74,D,IND,2022-05-12
TD_111940,cust_1881,2586480.61,C,KON,2022-05-12
TD_111941,cust_3746,6233638.12,C,IND,2022-05-12
TD_111942,cust_1886,5806904.63,C,KON,2022-05-12
TD_111943,cust_6308,5624630.06,C,AFG,2022-05-12
FX_111944,cust_8234,1698997.33,C,CAN,2022-05-12
FX_111945,cust_5841,8850318.02,C,PAL,2022-05-12
FX_111946,cust_6808,4383018.63,C,KON,2022-05-12
FX_111947,cust_2071,3754156.46,C,KON,2022-05-12
FX_111948,cust_7184,2425330.24,D,IND,2022-05-12
TD_111949,cust_3142,7074658.12,C,IND,2022-05-12
FX_111950,cust_4314,2376191.4,C,JPN,2022-05-12
TD_111951,cust_9561,770500.87,D,CAN,2022-05-12
FX_111952,cust_5612,9362841.45,D,AFG,2022-05-12
FX_111953,cust_9114,4834759.46,D,CAN,2022-05-12
FX_111954,cust_1044,1129802.54,C,PAL,2022-05-12
TD_111955,cust_1539,8146895.84,D,CHN,2022-05-12
TD_111956,cust_4971,8303230.76,C,USA,2022-05-12
FX_111957,cust_5782,8866062.32,D,CHN,2022-05-12
TD_111958,cust_4955,3955721.07,D,KON,2022-05-12
FX_111959,cust_1677,489562.12,D,KON,2022-05-12
TD_111960,cust_3448,6917218.28,C,PAL,2022-05-12
TD_111961,cust_3298,6987523.91,D,CHN,2022-05-12
TD_111962,cust_1142,5894913.06,D,IND,2022-05-12
FX_111963,cust_4914,249301.58,D,JPN,2022-05-12
FX_111964,cust_9504,4023697.96,D,USA,2022-05-12
FX_111965,cust_4222,4711610.37,D,JPN,2022-05-12
TD_111966,cust_9397,2993419.43,D,CHN,2022-05-12
FX_111967,cust_8478,1534321.69,C,CHN,2022-05-12
TD_111968,cust_2149,453142.33,C,IND,2022-05-12
FX_111969,cust_8966,1805018.73,D,CAN,2022-05-12
FX_111970,cust_1342,5030772.55,C,AFG,2022-05-12
TD_111971,cust_2859,6750493.8,C,AFG,2022-05-12
TD_111972,cust_8620,2808516.93,D,CAN,2022-05-12
TD_111973,cust_2369,1357458.64,D,CHN,2022-05-12
TD_111974,cust_5767,1823222.96,D,USA,2022-05-12
FX_111975,cust_5810,80508.98,D,IND,2022-05-12
FX_111976,cust_6062,7431210.43,C,CAN,2022-05-12
TD_111977,cust_1483,3926753.03,C,AFG,2022-05-12
TD_111978,cust_1331,5986438.05,C,IND,2022-05-12
FX_111979,cust_3867,8484154.67,C,KON,2022-05-12
FX_111980,cust_4233,4954390.28,C,KON,2022-05-12
FX_111981,cust_1077,5366775.11,C,IND,2022-05-12
FX_111982,cust_9472,8920096.93,D,PAL,2022-05-12
FX_111983,cust_7095,1258828.24,C,AFG,2022-05-12
TD_111984,cust_9996,9592236.9,C,USA,2022-05-12
TD_111985,cust_6566,5461725.03,C,USA,2022-05-12
TD_111986,cust_5312,4604272.86,C,CAN,2022-05-12
FX_111987,cust_5989,9947076.54,D,AFG,2022-05-12
TD_111988,cust_9705,4056853.2,C,PAL,2022-05-12
FX_111989,cust_8671,1683478.32,C,CHN,2022-05-12
TD_111990,cust_8723,8540722.53,D,AFG,2022-05-12
FX_111991,cust_6320,2772356.24,D,CAN,2022-05-12
TD_111992,cust_7917,3089868.28,D,KON,2022-05-12
FX_111993,cust_8622,6175726.85,C,CHN,2022-05-12
TD_111994,cust_4704,6891387.47,C,CHN,2022-05-12
TD_111995,cust_6027,7758095.86,D,KON,2022-05-12
TD_111996,cust_5116,6691414.62,D,KON,2022-05-12
TD_111997,cust_8851,4538518.25,C,CAN,2022-05-12
FX_111998,cust_3872,4068471.94,D,CAN,2022-05-12
FX_111999,cust_8661,6569348.52,C,CHN,2022-05-12
FX_112000,cust_9124,7018690.95,D,AFG,2022-05-12
FX_112001,cust_2109,5297028.41,D,KON,2022-05-12
FX_112002,cust_4574,3172695.8,D,USA,2022-05-12
TD_112003,cust_2072,7162117.79,D,PAL,2022-05-12
FX_112004,cust_9202,2304118.61,D,KON,2022-05-12
TD_112005,cust_8855,2001144.89,D,JPN,2022-05-12
FX_112006,cust_7655,7493239.41,C,KON,2022-05-12
FX_112007,cust_3937,8123629.97,C,USA,2022-05-12
FX_112008,cust_5694,9057549.82,C,CHN,2022-05-12
TD_112009,cust_6061,9812239.58,C,PAL,2022-05-12
FX_112010,cust_9792,5565766.98,D,AFG,2022-05-12
TD_112011,cust_5878,5786352.38,D,JPN,2022-05-12
FX_112012,cust_7004,3797818.34,D,AFG,2022-05-12
TD_112013,cust_5174,3721218.82,C,USA,2022-05-12
TD_112014,cust_5679,9345850.48,C,IND,2022-05-12
FX_112015,cust_5995,517734.77,C,CAN,2022-05-12
TD_112016,cust_7798,6098974.85,C,KON,2022-05-12
FX_112017,cust_5926,3333176.87,C,KON,2022-05-12
TD_112018,cust_8276,6073208.04,C,JPN,2022-05-12
TD_112019,cust_8272,4685190.71,D,JPN,2022-05-12
TD_112020,cust_1515,8865790.99,C,CHN,2022-05-12
TD_112021,cust_7736,8238147.72,C,CAN,2022-05-12
FX_112022,cust_7829,4942422.86,C,AFG,2022-05-12
FX_112023,cust_4367,4823921.31,D,USA,2022-05-12
TD_112024,cust_9461,5583569.67,D,JPN,2022-05-12
TD_112025,cust_7276,7209963.33,D,AFG,2022-05-12
FX_112026,cust_8690,2938280.64,D,AFG,2022-05-12
FX_112027,cust_9850,398409.32,D,AFG,2022-05-12
TD_112028,cust_7163,3709070.11,D,JPN,2022-05-12
FX_112029,cust_7782,8151772.24,D,IND,2022-05-12
TD_112030,cust_2638,5888770.35,C,PAL,2022-05-12
TD_112031,cust_2055,6052984.15,C,AFG,2022-05-12
FX_112032,cust_4273,8211709.88,C,USA,2022-05-12
FX_112033,cust_4293,9456045.46,C,PAL,2022-05-12
TD_112034,cust_6197,8598480.47,D,PAL,2022-05-12
TD_112035,cust_3504,2130986.25,D,PAL,2022-05-12
FX_112036,cust_9143,8336395.97,C,PAL,2022-05-12
TD_112037,cust_7068,4159012.51,C,CAN,2022-05-12
TD_112038,cust_4717,9944824.85,D,AFG,2022-05-12
TD_112039,cust_5987,9973119.04,D,JPN,2022-05-12
FX_112040,cust_2745,8822637.05,C,IND,2022-05-12
TD_112041,cust_6209,1371964.24,C,CAN,2022-05-12
TD_112042,cust_5067,7776694.41,D,KON,2022-05-12
FX_112043,cust_1925,2821098.88,C,JPN,2022-05-12
TD_112044,cust_3920,3480853.29,D,AFG,2022-05-12
FX_112045,cust_4183,8339772.47,D,JPN,2022-05-12
FX_112046,cust_4476,2912676.1,D,KON,2022-05-12
TD_112047,cust_4582,1431004.41,C,IND,2022-05-12
TD_112048,cust_5374,667169.26,D,IND,2022-05-12
FX_112049,cust_9087,5550516.32,C,USA,2022-05-12
FX_112050,cust_7581,8317270.85,D,AFG,2022-05-12
FX_112051,cust_3618,647112.39,D,CAN,2022-05-12
FX_112052,cust_4158,911270.37,C,KON,2022-05-12
FX_112053,cust_5954,9642236.64,C,IND,2022-05-12
TD_112054,cust_3794,1490950.91,D,KON,2022-05-12
FX_112055,cust_6174,5712464.6,C,USA,2022-05-12
FX_112056,cust_1138,1550749.37,D,IND,2022-05-12
FX_112057,cust_5633,952345.05,D,CHN,2022-05-12
FX_112058,cust_8040,2973287.57,D,USA,2022-05-12
FX_112059,cust_6976,9256463.16,D,USA,2022-05-12
TD_112060,cust_7854,1993179.58,C,CHN,2022-05-12
FX_112061,cust_3699,4288573.01,C,USA,2022-05-12
FX_112062,cust_4295,5057922.97,D,USA,2022-05-12
FX_112063,cust_7583,5880536.62,C,PAL,2022-05-12
TD_112064,cust_1406,6219449.37,D,CHN,2022-05-12
FX_112065,cust_1137,2776431.36,C,CAN,2022-05-12
TD_112066,cust_2233,2542459.2,D,AFG,2022-05-12
FX_112067,cust_2704,6101668.7,C,JPN,2022-05-12
FX_112068,cust_9008,7317134.83,C,IND,2022-05-12
TD_112069,cust_2886,9175633.46,D,CHN,2022-05-12
FX_112070,cust_8174,9593559.47,C,USA,2022-05-12
TD_112071,cust_8070,5665154.38,C,JPN,2022-05-12
TD_112072,cust_6965,9570367.07,C,AFG,2022-05-12
FX_112073,cust_5366,7168372.16,D,IND,2022-05-12
TD_112074,cust_1172,9488671.64,C,CAN,2022-05-12
TD_112075,cust_3635,6632020.07,C,AFG,2022-05-12
FX_112076,cust_7105,4665797.14,D,KON,2022-05-12
FX_112077,cust_8002,6782448.36,D,PAL,2022-05-12
TD_112078,cust_1018,6153869.58,C,PAL,2022-05-12
TD_112079,cust_2026,7588483.41,D,CAN,2022-05-12
TD_112080,cust_1980,7064454.57,C,PAL,2022-05-12
TD_112081,cust_5304,941434.83,C,JPN,2022-05-12
TD_112082,cust_3429,7448254.79,C,USA,2022-05-12
TD_112083,cust_2115,2798008.37,C,JPN,2022-05-12
TD_112084,cust_4944,5749796.07,C,CAN,2022-05-12
FX_112085,cust_5851,1828540.92,C,AFG,2022-05-12
FX_112086,cust_3798,1220058.69,D,CAN,2022-05-12
TD_112087,cust_4100,5132348.92,D,PAL,2022-05-12
TD_112088,cust_1314,1870096.45,D,CAN,2022-05-12
TD_112089,cust_1671,85197.44,D,JPN,2022-05-12
TD_112090,cust_5115,7400213.51,D,JPN,2022-05-12
TD_112091,cust_8992,1927388.37,D,PAL,2022-05-12
TD_112092,cust_7263,6187290.19,C,CAN,2022-05-12
TD_112093,cust_8484,9548942.07,D,USA,2022-05-12
FX_112094,cust_5276,9076143.93,D,KON,2022-05-12
TD_112095,cust_4510,7741184.09,D,CHN,2022-05-12
TD_112096,cust_9990,6080258.73,D,JPN,2022-05-12
FX_112097,cust_6891,397872.48,C,JPN,2022-05-12
FX_112098,cust_2293,3396554.15,D,JPN,2022-05-12
TD_112099,cust_7141,1448745.32,D,IND,2022-05-12
TD_112100,cust_2441,143448.13,D,CHN,2022-05-12
TD_112101,cust_3782,2907780.28,D,IND,2022-05-12
FX_112102,cust_9189,7612938.79,C,AFG,2022-05-12
TD_112103,cust_4509,2498151.18,D,CAN,2022-05-12
FX_112104,cust_5946,3710377.29,C,PAL,2022-05-12
FX_112105,cust_3001,624266.51,C,USA,2022-05-12
FX_112106,cust_9424,626437.69,D,JPN,2022-05-12
FX_112107,cust_1560,499861.97,C,IND,2022-05-12
TD_112108,cust_7436,858722.51,C,PAL,2022-05-12
TD_112109,cust_5094,7459204.33,D,KON,2022-05-12
TD_112110,cust_2670,6426218.97,C,CHN,2022-05-12
FX_112111,cust_6105,1510373.99,D,IND,2022-05-12
TD_112112,cust_9471,4066106.47,C,IND,2022-05-12
FX_112113,cust_5647,8367590.64,D,KON,2022-05-12
TD_112114,cust_6199,9587751.11,D,CAN,2022-05-12
FX_112115,cust_7072,2681575.64,D,JPN,2022-05-12
FX_112116,cust_4841,3127293.22,D,CAN,2022-05-12
TD_112117,cust_1955,9916100.51,C,USA,2022-05-12
TD_112118,cust_4901,1226627.68,C,USA,2022-05-12
TD_112119,cust_7522,8862693.59,D,USA,2022-05-12
TD_112120,cust_2715,6188542.05,D,KON,2022-05-12
FX_112121,cust_6900,8059919.74,D,CHN,2022-05-12
FX_112122,cust_1959,8810508.75,C,AFG,2022-05-12
FX_112123,cust_6796,6722861.19,C,JPN,2022-05-12
TD_112124,cust_3232,625439.52,D,CAN,2022-05-12
FX_112125,cust_7388,2027557.86,D,KON,2022-05-12
FX_112126,cust_9619,2666895.25,D,CHN,2022-05-12
FX_112127,cust_5105,4806020.62,D,AFG,2022-05-12
TD_112128,cust_2610,1809505.75,C,CAN,2022-05-12
FX_112129,cust_9001,350262.85,C,IND,2022-05-12
FX_112130,cust_9956,9380937.38,D,CAN,2022-05-12
FX_112131,cust_5254,8493077.49,C,CAN,2022-05-12
TD_112132,cust_4477,2434935.88,D,KON,2022-05-12
TD_112133,cust_4730,6798095.69,D,JPN,2022-05-12
FX_112134,cust_1429,5232851.59,D,USA,2022-05-12
TD_112135,cust_1255,9596556.37,D,JPN,2022-05-12
FX_112136,cust_4091,2612820.87,C,KON,2022-05-12
TD_112137,cust_6869,4570992.58,D,PAL,2022-05-12
TD_112138,cust_9799,6910973.64,C,AFG,2022-05-12
TD_112139,cust_3356,6908998.04,C,KON,2022-05-12
FX_112140,cust_6886,1883872.98,D,KON,2022-05-12
FX_112141,cust_3260,3753005.89,D,PAL,2022-05-12
TD_112142,cust_5490,2004350.37,D,IND,2022-05-12
FX_112143,cust_5353,9738337.21,C,PAL,2022-05-12
TD_112144,cust_5181,7528429.62,C,AFG,2022-05-12
FX_112145,cust_8028,8052068.55,C,JPN,2022-05-12
TD_112146,cust_7341,81739.83,C,KON,2022-05-12
FX_112147,cust_7020,4389652.59,D,PAL,2022-05-12
TD_112148,cust_2526,3197895.49,C,CHN,2022-05-12
TD_112149,cust_9787,9705171.1,D,IND,2022-05-12
FX_112150,cust_5794,7072009.9,D,IND,2022-05-12
FX_112151,cust_1275,3379310.61,D,AFG,2022-05-12
FX_112152,cust_9920,9543612.23,C,PAL,2022-05-12
FX_112153,cust_1476,9824454.19,C,CHN,2022-05-12
FX_112154,cust_7212,8102903.66,C,CAN,2022-05-12
TD_112155,cust_6778,7719600.16,C,JPN,2022-05-12
FX_112156,cust_7770,4097237.66,C,KON,2022-05-12
FX_112157,cust_3086,4460165.79,D,JPN,2022-05-12
FX_112158,cust_4052,1669101.03,C,CAN,2022-05-12
FX_112159,cust_1237,7027070.33,D,CHN,2022-05-12
TD_112160,cust_9405,2591423.5,D,KON,2022-05-12
TD_112161,cust_2293,4162728.46,C,IND,2022-05-12
FX_112162,cust_3510,1853436.42,C,USA,2022-05-12
TD_112163,cust_3713,636861.7,C,IND,2022-05-12
FX_112164,cust_1036,9685069.6,D,CAN,2022-05-12
TD_112165,cust_9710,6753191.78,D,PAL,2022-05-12
FX_112166,cust_7687,6443776.18,D,JPN,2022-05-12
TD_112167,cust_7416,973920.73,D,PAL,2022-05-12
TD_112168,cust_4080,4846711.08,C,PAL,2022-05-12
TD_112169,cust_7887,1370867.6,C,AFG,2022-05-12
FX_112170,cust_5181,176799.36,C,CAN,2022-05-12
TD_112171,cust_6757,5926540.67,C,KON,2022-05-12
TD_112172,cust_5258,3083276.86,D,CAN,2022-05-12
TD_112173,cust_8442,656121.69,D,CAN,2022-05-12
FX_112174,cust_5918,8294337.76,C,IND,2022-05-12
FX_112175,cust_5473,7238517.94,D,CHN,2022-05-12
FX_112176,cust_1630,7393249.75,D,IND,2022-05-12
TD_112177,cust_5277,1709813.93,D,CHN,2022-05-12
TD_112178,cust_1383,4061469.02,D,KON,2022-05-12
FX_112179,cust_5283,6823727.1,C,KON,2022-05-12
FX_112180,cust_1628,9918689.85,C,CHN,2022-05-12
FX_112181,cust_5401,5304470.62,D,KON,2022-05-12
TD_112182,cust_1474,3111138.01,C,KON,2022-05-12
TD_112183,cust_7901,2173857.77,C,KON,2022-05-12
FX_112184,cust_7614,3123476.83,D,AFG,2022-05-12
FX_112185,cust_5663,7000523.35,D,CAN,2022-05-12
TD_112186,cust_3260,8564523.58,D,PAL,2022-05-12
FX_112187,cust_3008,1007492.14,D,IND,2022-05-12
FX_112188,cust_9252,4244600.01,C,IND,2022-05-12
FX_112189,cust_9934,492649.03,C,USA,2022-05-12
TD_112190,cust_6659,4875220.07,C,CHN,2022-05-12
FX_112191,cust_9850,5434066.74,D,JPN,2022-05-12
FX_112192,cust_4152,8954147.96,D,CHN,2022-05-12
FX_112193,cust_1007,9127702.78,D,KON,2022-05-12
TD_112194,cust_5065,9613373.67,D,KON,2022-05-12
TD_112195,cust_2566,7123292.46,D,KON,2022-05-12
TD_112196,cust_2183,2861060.74,D,CAN,2022-05-12
FX_112197,cust_2190,1697206.94,D,CHN,2022-05-12
FX_112198,cust_1243,4722986.33,D,JPN,2022-05-12
FX_112199,cust_3593,9128011.45,D,PAL,2022-05-12
FX_112200,cust_7155,1842743.43,D,KON,2022-05-12
FX_112201,cust_7842,9986401.89,C,AFG,2022-05-12
FX_112202,cust_7488,5453617.99,D,AFG,2022-05-12
FX_112203,cust_5763,9931973.27,D,AFG,2022-05-12
TD_112204,cust_6371,403497.25,D,PAL,2022-05-12
TD_112205,cust_5687,3383763.76,C,IND,2022-05-12
FX_112206,cust_9860,8331482.77,D,AFG,2022-05-12
TD_112207,cust_8819,4332341.57,C,KON,2022-05-12
TD_112208,cust_7565,4060713.24,C,KON,2022-05-12
TD_112209,cust_8614,654310.82,D,USA,2022-05-12
TD_112210,cust_3949,9400952.59,C,AFG,2022-05-12
TD_112211,cust_4001,5373718.26,C,CAN,2022-05-12
FX_112212,cust_2412,5572977.93,D,JPN,2022-05-12
FX_112213,cust_8281,811071.05,D,KON,2022-05-12
TD_112214,cust_7400,5638363.98,C,CHN,2022-05-12
FX_112215,cust_8787,2158118.62,C,AFG,2022-05-12
TD_112216,cust_9935,9335990.7,C,USA,2022-05-12
FX_112217,cust_7805,5977077.01,D,IND,2022-05-12
FX_112218,cust_6312,9351468.52,C,JPN,2022-05-12
FX_112219,cust_6928,2675598.73,C,AFG,2022-05-12
TD_112220,cust_7250,7012741.12,C,CHN,2022-05-12
FX_112221,cust_9799,8005239.4,C,CAN,2022-05-12
TD_112222,cust_1219,2298575.61,D,CHN,2022-05-12
TD_112223,cust_1136,3098347.68,D,USA,2022-05-12
TD_112224,cust_2394,7650007.56,D,PAL,2022-05-12
FX_112225,cust_1397,3223156.72,C,KON,2022-05-12
FX_112226,cust_7828,2395805.63,C,KON,2022-05-12
FX_112227,cust_1274,6780695.13,C,USA,2022-05-12
TD_112228,cust_5756,770928.58,C,KON,2022-05-12
FX_112229,cust_9859,8993084.87,C,JPN,2022-05-12
FX_112230,cust_7407,9783271.32,C,IND,2022-05-12
TD_112231,cust_9435,9311629.46,D,CAN,2022-05-12
FX_112232,cust_3931,3887107.91,C,KON,2022-05-12
FX_112233,cust_3897,7340980.19,D,CAN,2022-05-12
FX_112234,cust_8545,3987473.43,C,PAL,2022-05-12
TD_112235,cust_6983,776265.22,C,IND,2022-05-12
FX_112236,cust_3357,4336289.96,C,JPN,2022-05-12
TD_112237,cust_6901,7807678.0,D,KON,2022-05-12
TD_112238,cust_2456,1003000.49,C,CHN,2022-05-12
FX_112239,cust_3049,6031115.24,C,USA,2022-05-12
FX_112240,cust_6321,6904238.45,D,AFG,2022-05-12
FX_112241,cust_9551,6011419.35,C,KON,2022-05-12
TD_112242,cust_4661,2886956.02,C,IND,2022-05-12
FX_112243,cust_6589,8359849.5,D,KON,2022-05-12
TD_112244,cust_7523,5423174.6,C,CHN,2022-05-12
TD_112245,cust_5681,6483756.08,C,CAN,2022-05-12
TD_112246,cust_5839,1167347.71,D,IND,2022-05-12
TD_112247,cust_4345,2215799.36,D,KON,2022-05-12
FX_112248,cust_6365,5731215.46,D,USA,2022-05-12
TD_112249,cust_8162,3666613.14,D,USA,2022-05-12
FX_112250,cust_5114,5524911.46,D,USA,2022-05-12
TD_112251,cust_4416,1031445.97,D,IND,2022-05-12
FX_112252,cust_2316,9401761.01,D,PAL,2022-05-12
FX_112253,cust_9540,1960140.85,C,CHN,2022-05-12
TD_112254,cust_7439,9212561.91,C,USA,2022-05-12
FX_112255,cust_8505,8705722.54,C,CAN,2022-05-12
TD_112256,cust_4407,2264278.41,C,CAN,2022-05-12
TD_112257,cust_7417,7988427.19,C,PAL,2022-05-12
FX_112258,cust_9974,5254604.65,C,AFG,2022-05-12
FX_112259,cust_7213,8761851.88,D,CHN,2022-05-12
TD_112260,cust_6201,8042528.71,D,USA,2022-05-12
FX_112261,cust_5576,9863413.99,C,KON,2022-05-12
TD_112262,cust_4189,2907710.43,D,AFG,2022-05-12
TD_112263,cust_7518,4054711.62,D,KON,2022-05-12
FX_112264,cust_2040,7338826.5,C,CAN,2022-05-12
TD_112265,cust_3518,5132139.22,C,CHN,2022-05-12
TD_112266,cust_6017,1825448.06,C,CHN,2022-05-12
FX_112267,cust_1616,3434539.55,C,USA,2022-05-12
TD_112268,cust_4224,2605680.03,C,AFG,2022-05-12
FX_112269,cust_3826,1631641.32,D,CHN,2022-05-12
TD_112270,cust_8676,989724.48,C,CHN,2022-05-12
FX_112271,cust_3043,580449.32,D,KON,2022-05-12
TD_112272,cust_5651,9303157.16,D,CHN,2022-05-12
FX_112273,cust_2032,6142475.25,C,KON,2022-05-12
TD_112274,cust_1019,8243003.06,C,USA,2022-05-12
TD_112275,cust_4552,3000856.94,D,CAN,2022-05-12
TD_112276,cust_4739,8373032.77,C,JPN,2022-05-12
FX_112277,cust_8023,4796980.62,D,AFG,2022-05-12
FX_112278,cust_2642,5527435.79,D,KON,2022-05-12
TD_112279,cust_4140,4937396.21,C,PAL,2022-05-12
FX_112280,cust_3304,9532734.28,C,USA,2022-05-12
TD_112281,cust_8068,1004130.97,C,AFG,2022-05-12
FX_112282,cust_8678,3660707.28,C,CAN,2022-05-12
TD_112283,cust_1892,2452809.98,C,CHN,2022-05-12
TD_112284,cust_6452,801585.48,C,USA,2022-05-12
TD_112285,cust_6812,129991.89,C,IND,2022-05-12
FX_112286,cust_3485,4396149.21,C,USA,2022-05-12
TD_112287,cust_9447,9161225.13,C,CHN,2022-05-12
TD_112288,cust_2010,3654964.69,D,CAN,2022-05-12
TD_112289,cust_7258,1901373.48,D,USA,2022-05-12
FX_112290,cust_2808,6334721.31,D,PAL,2022-05-12
TD_112291,cust_9138,4784752.17,C,USA,2022-05-12
TD_112292,cust_5775,823892.7,D,AFG,2022-05-12
FX_112293,cust_3303,5025583.2,C,PAL,2022-05-12
TD_112294,cust_3794,7628914.33,D,PAL,2022-05-12
TD_112295,cust_9846,6134200.73,D,JPN,2022-05-12
TD_112296,cust_9227,1834280.12,C,CAN,2022-05-12
FX_112297,cust_9602,3649604.73,D,CAN,2022-05-12
TD_112298,cust_7013,9093915.81,D,CAN,2022-05-12
FX_112299,cust_9931,4136823.06,D,JPN,2022-05-12
TD_112300,cust_7596,5842333.24,D,USA,2022-05-12
TD_112301,cust_6832,9428639.89,D,AFG,2022-05-12
TD_112302,cust_6716,9780259.42,C,PAL,2022-05-12
FX_112303,cust_8820,2304263.92,D,AFG,2022-05-12
TD_112304,cust_2813,4208506.05,D,JPN,2022-05-12
TD_112305,cust_2685,7440336.72,C,CAN,2022-05-12
FX_112306,cust_9298,1289958.65,C,CAN,2022-05-12
FX_112307,cust_8823,7020664.72,C,PAL,2022-05-12
FX_112308,cust_2791,793677.84,D,PAL,2022-05-12
FX_112309,cust_8710,3905357.51,D,IND,2022-05-12
TD_112310,cust_1613,7356208.42,D,JPN,2022-05-12
FX_112311,cust_2747,7057628.72,C,IND,2022-05-12
TD_112312,cust_6200,2742907.42,C,CAN,2022-05-12
TD_112313,cust_9643,576144.17,D,IND,2022-05-12
TD_112314,cust_9145,9071321.21,D,CHN,2022-05-12
TD_112315,cust_2446,5475966.0,D,CHN,2022-05-12
FX_112316,cust_4743,5042452.41,C,JPN,2022-05-12
TD_112317,cust_2979,9979.09,D,KON,2022-05-12
FX_112318,cust_5850,2654747.59,D,CHN,2022-05-12
FX_112319,cust_4309,7609956.91,D,USA,2022-05-12
TD_112320,cust_1905,6199424.16,C,CHN,2022-05-12
TD_112321,cust_2026,4746782.91,C,KON,2022-05-12
FX_112322,cust_8747,1799676.54,C,JPN,2022-05-12
FX_112323,cust_9932,5841392.86,D,IND,2022-05-12
TD_112324,cust_1441,49970.43,C,CAN,2022-05-12
TD_112325,cust_6427,8076461.19,C,KON,2022-05-12
FX_112326,cust_7241,2301572.65,C,USA,2022-05-12
TD_112327,cust_6594,804470.88,D,AFG,2022-05-12
FX_112328,cust_2420,3714664.89,D,CAN,2022-05-12
FX_112329,cust_7673,3922990.7,C,USA,2022-05-12
TD_112330,cust_9726,2838130.4,C,JPN,2022-05-12
TD_112331,cust_7442,4240232.82,D,KON,2022-05-12
TD_112332,cust_4959,3056754.5,C,CHN,2022-05-12
TD_112333,cust_1350,6081487.31,C,JPN,2022-05-12
TD_112334,cust_3391,907979.78,C,JPN,2022-05-12
TD_112335,cust_1050,3345276.95,C,KON,2022-05-12
TD_112336,cust_7771,8383885.92,C,PAL,2022-05-12
TD_112337,cust_2581,4096732.51,C,USA,2022-05-12
FX_112338,cust_2121,1002308.97,D,PAL,2022-05-12
FX_112339,cust_6172,8413222.11,C,JPN,2022-05-12
TD_112340,cust_2613,7163176.61,D,CAN,2022-05-12
TD_112341,cust_7027,8637645.53,C,IND,2022-05-12
FX_112342,cust_1003,4648512.74,C,JPN,2022-05-12
FX_112343,cust_9989,9603308.09,D,IND,2022-05-12
FX_112344,cust_7602,1349497.31,C,CHN,2022-05-12
TD_112345,cust_1158,9711264.14,C,JPN,2022-05-12
FX_112346,cust_5696,2903799.36,D,JPN,2022-05-12
TD_112347,cust_6641,2993186.16,D,AFG,2022-05-12
FX_112348,cust_3686,9811765.93,D,USA,2022-05-12
TD_112349,cust_2013,8016758.32,D,JPN,2022-05-12
TD_112350,cust_8233,9065496.68,C,JPN,2022-05-12
TD_112351,cust_5839,3609333.27,C,PAL,2022-05-12
TD_112352,cust_5460,355840.13,C,CAN,2022-05-12
TD_112353,cust_5760,7038848.08,C,IND,2022-05-12
FX_112354,cust_9231,3230321.12,C,IND,2022-05-12
FX_112355,cust_4804,1318418.36,D,PAL,2022-05-12
TD_112356,cust_6581,601121.63,C,CAN,2022-05-12
TD_112357,cust_3911,2210452.1,D,CHN,2022-05-12
TD_112358,cust_3393,3228518.46,D,CHN,2022-05-12
FX_112359,cust_3839,7568997.48,C,AFG,2022-05-12
FX_112360,cust_2398,6300223.93,D,USA,2022-05-12
FX_112361,cust_6093,8386507.82,C,KON,2022-05-12
FX_112362,cust_6012,8797340.83,D,IND,2022-05-12
TD_112363,cust_8498,592414.13,C,IND,2022-05-12
FX_112364,cust_6027,8847564.91,C,PAL,2022-05-12
TD_112365,cust_4912,1070512.31,D,AFG,2022-05-12
TD_112366,cust_7325,3720996.43,C,JPN,2022-05-12
FX_112367,cust_7246,2869990.31,D,KON,2022-05-12
TD_112368,cust_9769,8784433.32,D,JPN,2022-05-12
TD_112369,cust_1067,4243832.01,D,KON,2022-05-12
FX_112370,cust_3948,9725030.99,D,JPN,2022-05-12
FX_112371,cust_6675,5706324.89,D,JPN,2022-05-12
TD_112372,cust_1293,3121293.83,C,JPN,2022-05-12
FX_112373,cust_3309,5700745.97,D,JPN,2022-05-12
TD_112374,cust_7259,6306183.29,C,IND,2022-05-12
FX_112375,cust_1600,710362.62,C,CHN,2022-05-12
TD_112376,cust_9692,4337253.13,C,CHN,2022-05-12
TD_112377,cust_8899,3142872.68,D,CAN,2022-05-12
TD_112378,cust_5419,2930123.49,C,KON,2022-05-12
TD_112379,cust_1073,7355130.92,C,CAN,2022-05-12
FX_112380,cust_3586,5314038.23,C,IND,2022-05-12
FX_112381,cust_9554,9397225.89,D,JPN,2022-05-12
FX_112382,cust_7786,5480712.23,C,AFG,2022-05-12
TD_112383,cust_6866,5639632.78,D,KON,2022-05-12
TD_112384,cust_9178,2227514.52,C,KON,2022-05-12
FX_112385,cust_3109,7830268.77,C,CHN,2022-05-12
TD_112386,cust_4809,9184594.52,D,AFG,2022-05-12
TD_112387,cust_4632,8245224.58,C,CAN,2022-05-12
FX_112388,cust_1987,1583070.9,D,AFG,2022-05-12
FX_112389,cust_8722,7353472.63,C,IND,2022-05-12
FX_112390,cust_9653,1827924.01,C,CAN,2022-05-12
TD_112391,cust_4503,3438646.15,C,CAN,2022-05-12
TD_112392,cust_3571,4790575.84,C,CHN,2022-05-12
TD_112393,cust_1505,6038686.48,D,AFG,2022-05-12
FX_112394,cust_2758,4957993.41,D,CHN,2022-05-12
TD_112395,cust_5769,5376197.94,D,USA,2022-05-12
FX_112396,cust_2317,1664510.72,D,USA,2022-05-12
TD_112397,cust_9944,1257263.71,C,AFG,2022-05-12
FX_112398,cust_7072,165073.31,D,IND,2022-05-12
TD_112399,cust_2038,5310647.21,D,CHN,2022-05-12
FX_112400,cust_1858,3716040.44,D,CAN,2022-05-12
FX_112401,cust_2926,9473454.88,C,JPN,2022-05-12
FX_112402,cust_4624,9746414.71,C,AFG,2022-05-12
FX_112403,cust_8673,2853491.71,C,JPN,2022-05-12
TD_112404,cust_3176,2813081.22,C,PAL,2022-05-12
FX_112405,cust_3040,3474055.79,C,PAL,2022-05-12
TD_112406,cust_5519,5884328.69,C,JPN,2022-05-12
FX_112407,cust_4863,4259902.99,D,KON,2022-05-12
TD_112408,cust_4639,6413073.34,C,PAL,2022-05-12
FX_112409,cust_3356,206790.92,D,CAN,2022-05-12
TD_112410,cust_6660,8163138.74,D,CAN,2022-05-12
FX_112411,cust_8887,317465.2,C,CHN,2022-05-12
FX_112412,cust_4689,4766705.43,C,JPN,2022-05-12
FX_112413,cust_9337,2257346.63,D,USA,2022-05-12
FX_112414,cust_3698,2291456.68,D,CAN,2022-05-12
FX_112415,cust_3319,9505775.57,D,PAL,2022-05-12
TD_112416,cust_2117,4480686.71,C,JPN,2022-05-12
FX_112417,cust_3437,6214502.79,C,CHN,2022-05-12
TD_112418,cust_7239,9525648.24,C,USA,2022-05-12
FX_112419,cust_9542,6089026.9,C,CAN,2022-05-12
TD_112420,cust_6209,3890120.79,C,AFG,2022-05-12
TD_112421,cust_6642,6295427.73,D,KON,2022-05-12
FX_112422,cust_9343,7032168.38,D,PAL,2022-05-12
FX_112423,cust_4099,8805883.0,D,USA,2022-05-12
TD_112424,cust_9602,9924047.74,C,USA,2022-05-12
FX_112425,cust_7173,6323286.23,D,CAN,2022-05-12
FX_112426,cust_3621,984668.35,D,JPN,2022-05-12
TD_112427,cust_8463,1756588.72,C,AFG,2022-05-12
FX_112428,cust_8199,532663.11,D,USA,2022-05-12
TD_112429,cust_5109,8187971.4,D,CHN,2022-05-12
TD_112430,cust_7393,5026956.71,D,JPN,2022-05-12
FX_112431,cust_6312,8229013.03,D,CHN,2022-05-12
TD_112432,cust_9847,7765556.23,D,IND,2022-05-12
FX_112433,cust_9652,275429.56,C,JPN,2022-05-12
TD_112434,cust_9054,4119548.42,C,KON,2022-05-12
TD_112435,cust_8568,8565930.96,C,USA,2022-05-12
TD_112436,cust_6304,6062610.69,C,JPN,2022-05-12
FX_112437,cust_2286,5100299.37,D,JPN,2022-05-12
FX_112438,cust_5178,2054315.05,D,CHN,2022-05-12
FX_112439,cust_1324,5469064.83,D,CAN,2022-05-12
TD_112440,cust_5041,5461849.55,C,PAL,2022-05-12
FX_112441,cust_5736,3182795.17,C,PAL,2022-05-12
FX_112442,cust_4241,309857.28,C,CAN,2022-05-12
FX_112443,cust_9033,4118683.94,D,KON,2022-05-12
FX_112444,cust_5763,534961.6,D,IND,2022-05-12
FX_112445,cust_5713,7584860.59,C,CHN,2022-05-12
FX_112446,cust_6731,8312980.51,C,PAL,2022-05-12
FX_112447,cust_2453,6968388.56,D,CHN,2022-05-12
TD_112448,cust_8121,7561660.41,D,IND,2022-05-12
TD_112449,cust_1201,5049195.99,C,AFG,2022-05-12
FX_112450,cust_4857,3244648.48,D,CAN,2022-05-12
FX_112451,cust_7647,8455585.54,C,IND,2022-05-12
FX_112452,cust_4772,1297349.7,D,JPN,2022-05-12
TD_112453,cust_5298,3878773.15,D,CAN,2022-05-12
TD_112454,cust_2063,8990493.6,D,CAN,2022-05-12
FX_112455,cust_2148,7908301.16,C,CAN,2022-05-12
FX_112456,cust_8586,4309489.17,C,JPN,2022-05-12
TD_112457,cust_2527,3190312.24,C,JPN,2022-05-12
TD_112458,cust_9237,813775.76,D,JPN,2022-05-12
FX_112459,cust_2311,7543141.36,C,PAL,2022-05-12
FX_112460,cust_8867,3286413.36,D,PAL,2022-05-12
TD_112461,cust_8708,1961479.98,C,IND,2022-05-12
FX_112462,cust_7022,9703262.85,C,AFG,2022-05-12
TD_112463,cust_4334,7450684.39,C,USA,2022-05-12
TD_112464,cust_1210,262366.75,C,AFG,2022-05-12
TD_112465,cust_4710,9359063.77,C,USA,2022-05-12
TD_112466,cust_1099,7478793.42,C,CHN,2022-05-12
TD_112467,cust_6341,6309427.66,C,KON,2022-05-12
TD_112468,cust_1320,9413187.98,D,PAL,2022-05-12
FX_112469,cust_4277,7169336.69,C,AFG,2022-05-12
FX_112470,cust_2506,5042573.79,C,IND,2022-05-12
FX_112471,cust_5909,2041695.22,C,IND,2022-05-12
TD_112472,cust_7526,2603544.25,D,KON,2022-05-12
TD_112473,cust_5469,1280323.47,C,PAL,2022-05-12
TD_112474,cust_1426,2556771.41,C,PAL,2022-05-12
TD_112475,cust_3001,9061805.99,C,AFG,2022-05-12
FX_112476,cust_1472,7505458.58,D,PAL,2022-05-12
TD_112477,cust_3804,921658.39,D,KON,2022-05-12
FX_112478,cust_6860,1328709.47,C,AFG,2022-05-12
FX_112479,cust_9369,4077335.55,C,AFG,2022-05-12
TD_112480,cust_8106,1543611.99,C,PAL,2022-05-12
TD_112481,cust_3336,7685085.66,C,JPN,2022-05-12
TD_112482,cust_1443,2156697.83,C,AFG,2022-05-12
FX_112483,cust_7392,2282245.29,C,AFG,2022-05-12
TD_112484,cust_2463,144688.87,D,CHN,2022-05-12
FX_112485,cust_8077,9212391.41,C,PAL,2022-05-12
FX_112486,cust_9695,2928415.37,D,CHN,2022-05-12
FX_112487,cust_9626,2485518.65,D,CAN,2022-05-12
TD_112488,cust_4884,1347446.6,C,USA,2022-05-12
FX_112489,cust_8974,4413646.56,D,USA,2022-05-12
TD_112490,cust_7606,9495524.96,D,PAL,2022-05-12
TD_112491,cust_9369,7302938.38,C,KON,2022-05-12
TD_112492,cust_6544,7013206.2,D,KON,2022-05-12
FX_112493,cust_8785,8341091.57,C,USA,2022-05-12
FX_112494,cust_5777,3569032.29,C,PAL,2022-05-12
TD_112495,cust_7910,9151851.37,D,AFG,2022-05-12
FX_112496,cust_5470,7082273.94,C,AFG,2022-05-12
TD_112497,cust_3879,5288552.99,D,CHN,2022-05-12
TD_112498,cust_6944,5430949.98,D,USA,2022-05-12
FX_112499,cust_6228,2025294.67,C,CHN,2022-05-12
FX_112500,cust_9290,3136180.34,C,CHN,2022-05-12
TD_112501,cust_3360,9675679.06,D,AFG,2022-05-12
FX_112502,cust_4683,55571.35,D,JPN,2022-05-12
FX_112503,cust_1365,5787171.6,C,CAN,2022-05-12
FX_112504,cust_9426,6947333.92,D,PAL,2022-05-12
FX_112505,cust_4445,3267171.63,C,CHN,2022-05-12
FX_112506,cust_9163,5450112.33,C,PAL,2022-05-12
FX_112507,cust_9768,9668324.07,C,PAL,2022-05-12
FX_112508,cust_2770,8578607.62,C,AFG,2022-05-12
FX_112509,cust_8117,9118178.93,D,PAL,2022-05-12
FX_112510,cust_3655,8020572.87,C,AFG,2022-05-12
FX_112511,cust_5952,2034492.05,D,AFG,2022-05-12
TD_112512,cust_1272,2258057.55,D,CHN,2022-05-12
FX_112513,cust_6149,4957874.02,C,CHN,2022-05-12
FX_112514,cust_7992,3408178.33,C,IND,2022-05-12
TD_112515,cust_4345,9151990.26,C,CHN,2022-05-12
FX_112516,cust_2489,5516388.88,D,PAL,2022-05-12
TD_112517,cust_6404,9873741.18,C,USA,2022-05-12
TD_112518,cust_9841,3935457.87,D,JPN,2022-05-12
FX_112519,cust_6462,5603642.82,C,JPN,2022-05-12
TD_112520,cust_7305,7251241.07,D,CAN,2022-05-12
TD_112521,cust_4149,314618.67,D,IND,2022-05-12
TD_112522,cust_7617,701260.98,D,PAL,2022-05-12
TD_112523,cust_7686,8046171.6,C,USA,2022-05-12
TD_112524,cust_7792,1169663.65,D,IND,2022-05-12
TD_112525,cust_7942,996185.69,D,KON,2022-05-12
TD_112526,cust_4744,3911775.08,C,PAL,2022-05-12
FX_112527,cust_1169,1226141.73,D,AFG,2022-05-12
FX_112528,cust_5000,2733554.1,C,JPN,2022-05-12
FX_112529,cust_7919,3465221.53,D,CHN,2022-05-12
TD_112530,cust_1799,2898293.4,D,KON,2022-05-12
FX_112531,cust_1706,1826582.14,C,JPN,2022-05-12
FX_112532,cust_9569,8383942.31,D,KON,2022-05-12
TD_112533,cust_9508,2619322.26,C,CAN,2022-05-12
TD_112534,cust_8686,1329112.84,C,USA,2022-05-12
FX_112535,cust_4735,5581538.85,C,IND,2022-05-12
FX_112536,cust_9247,3887811.45,D,JPN,2022-05-12
FX_112537,cust_9742,2805269.75,C,USA,2022-05-12
TD_112538,cust_2765,8761225.99,D,AFG,2022-05-12
TD_112539,cust_7667,3182979.36,C,KON,2022-05-12
TD_112540,cust_9859,5476360.44,C,AFG,2022-05-12
TD_112541,cust_7000,763371.16,C,AFG,2022-05-12
TD_112542,cust_1274,3417507.17,C,KON,2022-05-12
FX_112543,cust_8636,733658.35,C,JPN,2022-05-12
FX_112544,cust_1971,7200194.93,D,PAL,2022-05-12
FX_112545,cust_3888,7559207.25,C,IND,2022-05-12
TD_112546,cust_8805,3391759.27,C,JPN,2022-05-12
TD_112547,cust_3061,465592.35,D,PAL,2022-05-12
FX_112548,cust_6342,4633144.69,D,AFG,2022-05-12
FX_112549,cust_5964,1055533.84,D,JPN,2022-05-12
FX_112550,cust_3334,7698206.58,C,PAL,2022-05-12
FX_112551,cust_1535,9294279.98,D,KON,2022-05-12
FX_112552,cust_9329,9977538.39,D,CHN,2022-05-12
FX_112553,cust_8233,3693382.17,D,IND,2022-05-12
TD_112554,cust_7347,5904523.89,C,PAL,2022-05-12
TD_112555,cust_2131,7945766.74,C,JPN,2022-05-12
FX_112556,cust_8310,8571167.32,C,PAL,2022-05-12
FX_112557,cust_7584,4649571.88,C,JPN,2022-05-12
TD_112558,cust_4136,1362652.8,D,PAL,2022-05-12
TD_112559,cust_5986,2607904.11,D,IND,2022-05-12
FX_112560,cust_2884,7007496.58,C,AFG,2022-05-12
TD_112561,cust_3223,8593976.85,D,CAN,2022-05-12
TD_112562,cust_9136,882155.3,D,KON,2022-05-12
TD_112563,cust_8881,6753425.22,D,IND,2022-05-12
FX_112564,cust_9577,663342.96,C,CHN,2022-05-12
TD_112565,cust_6881,7970056.99,C,PAL,2022-05-12
FX_112566,cust_6493,5595333.3,D,IND,2022-05-12
FX_112567,cust_1483,60535.75,C,AFG,2022-05-12
TD_112568,cust_3922,6832207.05,D,PAL,2022-05-12
FX_112569,cust_1668,5351197.11,C,AFG,2022-05-12
TD_112570,cust_2688,9017770.81,C,CAN,2022-05-12
FX_112571,cust_4166,3060718.25,D,AFG,2022-05-12
FX_112572,cust_4198,5426591.35,C,AFG,2022-05-12
TD_112573,cust_2085,9559679.7,D,PAL,2022-05-12
TD_112574,cust_3088,7278650.58,C,CAN,2022-05-12
TD_112575,cust_7638,8398249.93,C,JPN,2022-05-12
FX_112576,cust_8970,9165742.57,C,PAL,2022-05-12
TD_112577,cust_2655,961382.14,D,JPN,2022-05-12
TD_112578,cust_2038,1287214.5,C,JPN,2022-05-12
FX_112579,cust_9440,8274516.78,C,USA,2022-05-12
TD_112580,cust_4552,2132316.48,C,KON,2022-05-12
TD_112581,cust_6257,7581772.88,D,KON,2022-05-12
FX_112582,cust_3812,8868593.28,C,AFG,2022-05-12
FX_112583,cust_7716,3447126.84,D,PAL,2022-05-12
TD_112584,cust_6658,8197657.62,D,JPN,2022-05-12
FX_112585,cust_5403,8471588.25,D,IND,2022-05-12
TD_112586,cust_5576,6379042.89,D,AFG,2022-05-12
FX_112587,cust_8767,7309866.67,C,USA,2022-05-12
TD_112588,cust_2782,5767336.98,C,CAN,2022-05-12
TD_112589,cust_6835,3113486.76,C,CHN,2022-05-12
TD_112590,cust_6303,7057958.6,C,CHN,2022-05-12
FX_112591,cust_4197,86830.11,D,CAN,2022-05-12
FX_112592,cust_2374,6119675.54,D,AFG,2022-05-12
FX_112593,cust_9742,1565481.23,C,JPN,2022-05-12
TD_112594,cust_7634,8380539.38,D,JPN,2022-05-12
FX_112595,cust_7720,5234288.8,D,PAL,2022-05-12
FX_112596,cust_1498,8684646.57,D,IND,2022-05-12
FX_112597,cust_2986,6939641.08,C,JPN,2022-05-12
TD_112598,cust_6395,1424937.02,D,USA,2022-05-12
FX_112599,cust_4300,317460.32,D,IND,2022-05-12
TD_112600,cust_1029,4355526.36,D,CHN,2022-05-12
FX_112601,cust_8318,402496.13,C,CAN,2022-05-12
TD_112602,cust_7262,1622878.13,D,USA,2022-05-12
TD_112603,cust_6551,5533007.47,D,JPN,2022-05-12
FX_112604,cust_8169,450532.59,D,USA,2022-05-12
TD_112605,cust_3482,2371199.82,C,JPN,2022-05-12
TD_112606,cust_6834,7669270.99,D,CHN,2022-05-12
FX_112607,cust_7253,7933097.12,C,CAN,2022-05-12
FX_112608,cust_8587,69228.34,D,KON,2022-05-12
TD_112609,cust_1033,1601891.91,C,KON,2022-05-12
TD_112610,cust_9960,1731079.12,D,PAL,2022-05-12
FX_112611,cust_4088,5435894.59,D,IND,2022-05-12
FX_112612,cust_4174,5048390.46,D,CHN,2022-05-12
FX_112613,cust_8856,7183678.73,D,USA,2022-05-12
FX_112614,cust_8138,4953432.72,D,KON,2022-05-12
FX_112615,cust_7306,9391805.21,D,CAN,2022-05-12
FX_112616,cust_6549,1826573.49,C,CAN,2022-05-12
TD_112617,cust_7932,183980.55,C,PAL,2022-05-12
TD_112618,cust_5429,4097156.87,C,USA,2022-05-12
FX_112619,cust_4188,8214404.54,D,KON,2022-05-12
TD_112620,cust_8165,4417410.67,D,KON,2022-05-12
TD_112621,cust_3889,914359.12,D,USA,2022-05-12
FX_112622,cust_8457,1466731.27,D,PAL,2022-05-12
FX_112623,cust_4444,8547708.19,D,PAL,2022-05-12
TD_112624,cust_2634,4894459.77,C,KON,2022-05-12
TD_112625,cust_9647,6670774.13,C,IND,2022-05-12
TD_112626,cust_7121,4175311.21,D,PAL,2022-05-12
FX_112627,cust_9804,3130589.36,C,JPN,2022-05-12
FX_112628,cust_1178,8350964.16,D,USA,2022-05-12
FX_112629,cust_4742,1756944.6,D,KON,2022-05-12
FX_112630,cust_3676,6685737.36,C,USA,2022-05-12
TD_112631,cust_5874,4421218.87,D,KON,2022-05-12
TD_112632,cust_2124,330256.46,C,CHN,2022-05-12
TD_112633,cust_4807,9382630.04,C,CHN,2022-05-12
FX_112634,cust_4882,6638378.43,D,AFG,2022-05-12
FX_112635,cust_6996,393980.01,C,CHN,2022-05-12
FX_112636,cust_8331,39822.66,D,USA,2022-05-12
TD_112637,cust_9294,8599916.98,C,JPN,2022-05-12
FX_112638,cust_3676,2576407.19,C,CHN,2022-05-12
TD_112639,cust_2377,8333608.13,D,JPN,2022-05-12
TD_112640,cust_1918,5683093.7,D,USA,2022-05-12
FX_112641,cust_8674,4153319.86,D,PAL,2022-05-12
FX_112642,cust_8060,4826849.02,D,USA,2022-05-12
FX_112643,cust_9361,9555588.46,D,CHN,2022-05-12
FX_112644,cust_4325,4375022.79,D,KON,2022-05-12
FX_112645,cust_7743,1136206.5,D,KON,2022-05-12
TD_112646,cust_8285,633990.77,D,JPN,2022-05-12
FX_112647,cust_3973,2944322.04,D,AFG,2022-05-12
TD_112648,cust_6134,6610256.84,C,JPN,2022-05-12
FX_112649,cust_7650,493126.42,C,AFG,2022-05-12
FX_112650,cust_8227,8780846.85,C,JPN,2022-05-12
FX_112651,cust_5085,1213497.36,C,IND,2022-05-12
FX_112652,cust_7230,240758.6,C,USA,2022-05-12
TD_112653,cust_1144,4731255.99,C,AFG,2022-05-12
FX_112654,cust_2985,6683463.14,D,JPN,2022-05-12
TD_112655,cust_8150,5008694.14,D,CAN,2022-05-12
FX_112656,cust_9828,318283.54,D,USA,2022-05-12
TD_112657,cust_3964,4200760.72,C,PAL,2022-05-12
FX_112658,cust_2680,7807780.82,C,USA,2022-05-12
FX_112659,cust_2819,8857185.53,C,CAN,2022-05-12
TD_112660,cust_5520,1759475.66,D,CAN,2022-05-12
TD_112661,cust_6019,6792403.34,C,CAN,2022-05-12
TD_112662,cust_1402,8809366.47,C,USA,2022-05-12
TD_112663,cust_3497,7187506.55,C,IND,2022-05-12
FX_112664,cust_6540,2470761.75,C,CHN,2022-05-12
FX_112665,cust_9875,1473654.38,C,JPN,2022-05-12
TD_112666,cust_7570,8528488.28,D,CHN,2022-05-12
TD_112667,cust_6300,3872343.93,C,JPN,2022-05-12
TD_112668,cust_6392,5169819.2,D,IND,2022-05-12
TD_112669,cust_6690,1092502.12,D,CAN,2022-05-12
TD_112670,cust_9646,8827527.04,D,JPN,2022-05-12
TD_112671,cust_8212,5940890.82,D,JPN,2022-05-12
TD_112672,cust_5514,5148325.79,C,PAL,2022-05-12
TD_112673,cust_3455,8509337.94,C,CHN,2022-05-12
TD_112674,cust_7663,4983099.14,C,JPN,2022-05-12
TD_112675,cust_4400,7797453.03,D,AFG,2022-05-12
FX_112676,cust_5710,4925390.03,D,CAN,2022-05-12
TD_112677,cust_7367,2879459.98,C,PAL,2022-05-12
FX_112678,cust_2098,3135096.25,C,PAL,2022-05-12
FX_112679,cust_1366,442192.55,D,CHN,2022-05-12
FX_112680,cust_8902,4983487.3,D,IND,2022-05-12
TD_112681,cust_1460,9998134.77,D,JPN,2022-05-12
TD_112682,cust_4403,9135531.84,C,CHN,2022-05-12
FX_112683,cust_9076,7807044.68,D,JPN,2022-05-12
TD_112684,cust_8650,4959208.83,D,JPN,2022-05-12
TD_112685,cust_4144,4391053.44,C,IND,2022-05-12
TD_112686,cust_8302,2761531.52,D,CAN,2022-05-12
TD_112687,cust_5807,9837157.76,C,KON,2022-05-12
TD_112688,cust_8304,9359897.82,C,AFG,2022-05-12
FX_112689,cust_1066,1267774.85,D,AFG,2022-05-12
TD_112690,cust_6881,3322842.37,C,IND,2022-05-12
FX_112691,cust_5450,7976567.03,C,USA,2022-05-12
FX_112692,cust_3034,5616512.69,C,CHN,2022-05-12
TD_112693,cust_3720,7326437.1,C,AFG,2022-05-12
TD_112694,cust_6319,5525259.99,D,CAN,2022-05-12
TD_112695,cust_5347,6128701.98,C,IND,2022-05-12
TD_112696,cust_7629,6410781.51,C,AFG,2022-05-12
FX_112697,cust_6517,2925554.56,D,IND,2022-05-12
FX_112698,cust_2922,2136738.5,C,IND,2022-05-12
TD_112699,cust_1807,7708630.55,C,KON,2022-05-12
TD_112700,cust_5320,8011931.0,C,JPN,2022-05-12
TD_112701,cust_5722,6500078.2,C,PAL,2022-05-12
TD_112702,cust_9203,5624928.25,D,IND,2022-05-12
FX_112703,cust_6749,4861632.26,D,USA,2022-05-12
TD_112704,cust_3889,4508517.97,D,CAN,2022-05-12
FX_112705,cust_6487,2897124.94,D,CHN,2022-05-12
FX_112706,cust_3016,1581047.4,C,PAL,2022-05-12
TD_112707,cust_9160,292252.94,D,CAN,2022-05-12
FX_112708,cust_6555,8328380.18,D,AFG,2022-05-12
TD_112709,cust_9002,7994838.99,C,CHN,2022-05-12
TD_112710,cust_5262,9031909.37,C,CHN,2022-05-12
TD_112711,cust_1512,2422465.35,C,CHN,2022-05-12
FX_112712,cust_1641,1004447.99,D,KON,2022-05-12
FX_112713,cust_6138,5007779.03,D,CAN,2022-05-12
TD_112714,cust_1641,7833567.6,C,CAN,2022-05-12
FX_112715,cust_2143,4552027.7,C,KON,2022-05-12
FX_112716,cust_8830,870211.07,D,IND,2022-05-12
TD_112717,cust_4076,1836062.63,D,CHN,2022-05-12
FX_112718,cust_5515,4674157.79,C,PAL,2022-05-12
TD_112719,cust_5383,3977668.3,C,JPN,2022-05-12
TD_112720,cust_2029,7016417.23,D,CHN,2022-05-12
FX_112721,cust_7438,7532199.69,C,JPN,2022-05-12
FX_112722,cust_9419,799746.54,D,KON,2022-05-12
TD_112723,cust_3582,7865731.41,D,JPN,2022-05-12
TD_112724,cust_7795,6083850.43,C,JPN,2022-05-12
FX_112725,cust_7064,5255118.4,D,IND,2022-05-12
FX_112726,cust_7948,8436280.31,C,CAN,2022-05-12
FX_112727,cust_2317,5477235.09,D,CHN,2022-05-12
FX_112728,cust_7269,8217758.52,C,AFG,2022-05-12
FX_112729,cust_4881,767122.05,D,CHN,2022-05-12
FX_112730,cust_7791,1482780.09,D,CHN,2022-05-12
FX_112731,cust_5825,6510164.75,C,JPN,2022-05-12
TD_112732,cust_4348,1178484.26,C,AFG,2022-05-12
FX_112733,cust_9662,6655365.69,C,PAL,2022-05-12
FX_112734,cust_9103,4008446.4,D,CAN,2022-05-12
FX_112735,cust_3319,7385512.91,C,CHN,2022-05-12
FX_112736,cust_6684,5176647.71,D,PAL,2022-05-12
FX_112737,cust_9881,4432280.04,D,PAL,2022-05-12
TD_112738,cust_1581,6948201.66,D,CAN,2022-05-12
TD_112739,cust_8773,479718.13,C,JPN,2022-05-12
TD_112740,cust_3685,4550933.52,D,CAN,2022-05-12
TD_112741,cust_5271,6698074.37,C,CAN,2022-05-12
FX_112742,cust_8528,6314489.08,C,KON,2022-05-12
FX_112743,cust_4304,5875338.4,C,USA,2022-05-12
TD_112744,cust_1907,7557704.8,D,CAN,2022-05-12
FX_112745,cust_7535,9520833.38,C,AFG,2022-05-12
FX_112746,cust_2258,2055381.25,D,PAL,2022-05-12
TD_112747,cust_7340,4138894.47,C,AFG,2022-05-12
TD_112748,cust_8565,1342502.82,C,CHN,2022-05-12
FX_112749,cust_3653,6166852.61,D,IND,2022-05-12
FX_112750,cust_7863,8887930.26,D,CHN,2022-05-12
TD_112751,cust_4219,5344995.72,C,USA,2022-05-12
TD_112752,cust_4327,3017805.41,D,CHN,2022-05-12
TD_112753,cust_8740,9217045.54,D,PAL,2022-05-12
FX_112754,cust_5711,9396728.45,C,JPN,2022-05-12
TD_112755,cust_9732,8151505.97,C,CHN,2022-05-12
TD_112756,cust_4733,7714063.0,D,IND,2022-05-12
FX_112757,cust_6316,4201520.3,D,PAL,2022-05-12
TD_112758,cust_2720,3423930.88,D,IND,2022-05-12
FX_112759,cust_1866,6281183.72,C,CHN,2022-05-12
FX_112760,cust_2389,6036249.99,C,PAL,2022-05-12
FX_112761,cust_3608,5589511.34,C,USA,2022-05-12
FX_112762,cust_9583,2742998.48,D,USA,2022-05-12
FX_112763,cust_9763,3838562.56,C,CAN,2022-05-12
TD_112764,cust_9341,5899889.82,D,AFG,2022-05-12
TD_112765,cust_1300,1247960.34,D,KON,2022-05-12
TD_112766,cust_5250,1951558.42,D,CHN,2022-05-12
FX_112767,cust_3864,8714262.25,C,AFG,2022-05-12
TD_112768,cust_8906,1783657.93,D,KON,2022-05-12
FX_112769,cust_1376,5219677.34,D,AFG,2022-05-12
FX_112770,cust_6624,1965830.29,D,IND,2022-05-12
FX_112771,cust_9177,9253703.28,C,IND,2022-05-12
TD_112772,cust_9307,5520451.87,D,CHN,2022-05-12
FX_112773,cust_3536,1326441.04,D,AFG,2022-05-12
FX_112774,cust_3741,6676127.12,C,USA,2022-05-12
TD_112775,cust_7557,9960381.81,D,CHN,2022-05-12
TD_112776,cust_7113,7557452.56,C,AFG,2022-05-12
TD_112777,cust_4470,8433715.3,C,AFG,2022-05-12
TD_112778,cust_5305,5525595.68,D,JPN,2022-05-12
TD_112779,cust_4536,9099009.09,D,IND,2022-05-12
TD_112780,cust_2252,4588527.58,D,IND,2022-05-12
TD_112781,cust_7993,8399336.67,D,KON,2022-05-12
TD_112782,cust_4280,954301.41,C,PAL,2022-05-12
TD_112783,cust_5285,9606337.77,C,PAL,2022-05-12
FX_112784,cust_1626,1597471.95,C,KON,2022-05-12
TD_112785,cust_5326,8027631.66,D,USA,2022-05-12
FX_112786,cust_8240,3271878.62,C,AFG,2022-05-12
FX_112787,cust_9456,274356.47,D,CAN,2022-05-12
FX_112788,cust_8917,8266424.65,D,USA,2022-05-12
TD_112789,cust_3427,5116359.93,C,AFG,2022-05-12
TD_112790,cust_3880,6209122.81,C,CAN,2022-05-12
TD_112791,cust_8780,3468237.9,D,CAN,2022-05-12
FX_112792,cust_9178,1958478.22,C,CHN,2022-05-12
FX_112793,cust_1009,4353726.74,C,CAN,2022-05-12
FX_112794,cust_8373,7785241.97,D,JPN,2022-05-12
TD_112795,cust_4545,5072032.99,C,CHN,2022-05-12
FX_112796,cust_5514,5537203.04,D,KON,2022-05-12
TD_112797,cust_7300,3997860.38,D,USA,2022-05-12
TD_112798,cust_6048,5956535.79,C,KON,2022-05-12
TD_112799,cust_2428,7553823.17,C,KON,2022-05-12
FX_112800,cust_7182,465182.77,C,KON,2022-05-12
TD_112801,cust_3543,9773579.44,C,IND,2022-05-12
TD_112802,cust_8489,7231929.64,C,CHN,2022-05-12
FX_112803,cust_7680,5372713.53,C,USA,2022-05-12
TD_112804,cust_7672,6701576.34,C,JPN,2022-05-12
TD_112805,cust_1490,9511532.48,D,JPN,2022-05-12
TD_112806,cust_4439,1912486.31,C,IND,2022-05-12
FX_112807,cust_3805,7757055.75,C,PAL,2022-05-12
TD_112808,cust_5910,1259342.52,D,KON,2022-05-12
TD_112809,cust_1683,9654956.74,D,AFG,2022-05-12
TD_112810,cust_1360,8979041.97,D,PAL,2022-05-12
FX_112811,cust_4414,9372523.46,C,JPN,2022-05-12
FX_112812,cust_5544,7730490.19,D,JPN,2022-05-12
TD_112813,cust_9335,5381393.25,C,CAN,2022-05-12
FX_112814,cust_9357,2598551.54,D,CAN,2022-05-12
FX_112815,cust_6975,3933223.31,C,KON,2022-05-12
TD_112816,cust_8178,432751.33,C,PAL,2022-05-12
FX_112817,cust_8819,6683181.33,C,IND,2022-05-12
TD_112818,cust_1334,9497240.44,C,IND,2022-05-12
FX_112819,cust_7414,4196916.96,D,JPN,2022-05-12
FX_112820,cust_4226,4716543.96,C,JPN,2022-05-12
TD_112821,cust_7465,4039096.16,D,JPN,2022-05-12
FX_112822,cust_3113,7660106.78,D,CAN,2022-05-12
FX_112823,cust_6722,7348884.19,C,KON,2022-05-12
FX_112824,cust_7086,5682541.35,C,KON,2022-05-12
FX_112825,cust_7916,1889005.66,C,CAN,2022-05-12
TD_112826,cust_5613,738455.36,C,USA,2022-05-12
TD_112827,cust_8160,9544953.73,C,PAL,2022-05-12
TD_112828,cust_4635,9932401.51,C,AFG,2022-05-12
TD_112829,cust_6227,5178061.08,C,CHN,2022-05-12
FX_112830,cust_3550,7060997.8,C,KON,2022-05-12
TD_112831,cust_2694,6955098.08,C,USA,2022-05-12
TD_112832,cust_1248,384058.35,D,CHN,2022-05-12
TD_112833,cust_7822,3150246.05,D,PAL,2022-05-12
FX_112834,cust_4083,5728672.21,D,IND,2022-05-12
TD_112835,cust_4556,9091572.76,D,CHN,2022-05-12
FX_112836,cust_4465,1369233.92,C,JPN,2022-05-12
TD_112837,cust_4409,4427044.61,D,AFG,2022-05-12
TD_112838,cust_7760,6058371.25,C,KON,2022-05-12
FX_112839,cust_9210,3675913.12,D,JPN,2022-05-12
TD_112840,cust_9434,6473292.74,D,KON,2022-05-12
TD_112841,cust_6969,1031215.31,C,AFG,2022-05-12
TD_112842,cust_4985,8092622.52,D,IND,2022-05-12
TD_112843,cust_6144,4258280.42,C,IND,2022-05-12
FX_112844,cust_6288,9213362.22,C,AFG,2022-05-12
TD_112845,cust_1924,6606789.7,C,CHN,2022-05-12
TD_112846,cust_9855,358853.01,C,CHN,2022-05-12
TD_112847,cust_5725,1548185.82,D,CHN,2022-05-12
FX_112848,cust_5279,6674016.82,D,KON,2022-05-12
TD_112849,cust_5334,1800114.64,D,IND,2022-05-12
TD_112850,cust_8677,9461970.77,C,CAN,2022-05-12
TD_112851,cust_2012,6118839.63,D,CHN,2022-05-12
TD_112852,cust_7960,6686767.18,D,AFG,2022-05-12
TD_112853,cust_2176,4798128.17,D,JPN,2022-05-12
TD_112854,cust_5807,9639754.96,C,PAL,2022-05-12
FX_112855,cust_3771,9656126.7,C,AFG,2022-05-12
FX_112856,cust_4171,1684820.41,D,CHN,2022-05-12
TD_112857,cust_8813,9948627.42,D,AFG,2022-05-12
FX_112858,cust_7002,9932115.61,D,AFG,2022-05-12
TD_112859,cust_8887,5481751.75,D,CAN,2022-05-12
TD_112860,cust_1821,3437041.2,C,IND,2022-05-12
FX_112861,cust_7387,753725.13,D,KON,2022-05-12
TD_112862,cust_4102,3004872.68,D,CAN,2022-05-12
TD_112863,cust_9207,3157920.12,C,CAN,2022-05-12
FX_112864,cust_1383,8882838.46,D,JPN,2022-05-12
TD_112865,cust_9136,6043488.35,C,JPN,2022-05-12
TD_112866,cust_2679,9905874.28,C,CAN,2022-05-12
FX_112867,cust_1208,867751.72,D,IND,2022-05-12
TD_112868,cust_2468,2251037.1,D,PAL,2022-05-12
FX_112869,cust_2952,4041257.66,C,JPN,2022-05-12
TD_112870,cust_7998,5939023.99,C,CAN,2022-05-12
TD_112871,cust_8105,2689934.61,C,CAN,2022-05-12
TD_112872,cust_2628,4534507.22,C,JPN,2022-05-12
FX_112873,cust_2817,3563668.71,C,AFG,2022-05-12
FX_112874,cust_7796,3557058.06,D,KON,2022-05-12
TD_112875,cust_4484,2668990.9,C,CHN,2022-05-12
TD_112876,cust_4046,2017279.74,D,AFG,2022-05-12
FX_112877,cust_1961,222387.7,D,AFG,2022-05-12
TD_112878,cust_8774,7903938.4,D,AFG,2022-05-12
TD_112879,cust_1179,1811358.89,C,JPN,2022-05-12
FX_112880,cust_8710,5737252.16,D,CAN,2022-05-12
TD_112881,cust_9891,5555769.62,C,USA,2022-05-12
TD_112882,cust_4642,2041975.26,D,CHN,2022-05-12
FX_112883,cust_6218,1929896.38,C,PAL,2022-05-12
FX_112884,cust_5075,7201879.04,D,PAL,2022-05-12
FX_112885,cust_4384,9038053.56,C,PAL,2022-05-12
FX_112886,cust_8567,6939547.1,D,USA,2022-05-12
TD_112887,cust_7055,7879058.78,D,CAN,2022-05-12
TD_112888,cust_3204,3721335.28,D,CAN,2022-05-12
TD_112889,cust_9038,2568928.98,D,PAL,2022-05-12
TD_112890,cust_7526,6927478.26,D,IND,2022-05-12
FX_112891,cust_2403,7469853.52,D,IND,2022-05-12
TD_112892,cust_9211,6003287.22,D,AFG,2022-05-12
TD_112893,cust_1026,7926689.82,D,KON,2022-05-12
TD_112894,cust_7093,4746694.93,C,JPN,2022-05-12
TD_112895,cust_5995,4953467.26,C,PAL,2022-05-12
FX_112896,cust_6119,4469719.7,D,KON,2022-05-12
FX_112897,cust_3990,2539786.41,C,CHN,2022-05-12
FX_112898,cust_9204,3926683.76,C,USA,2022-05-12
TD_112899,cust_8008,5145437.9,D,USA,2022-05-12
TD_112900,cust_8894,2138475.19,D,AFG,2022-05-12
TD_112901,cust_4256,2013056.57,D,CHN,2022-05-12
TD_112902,cust_1226,5610515.54,C,USA,2022-05-12
TD_112903,cust_8607,9196097.54,C,IND,2022-05-12
TD_112904,cust_4581,4306801.95,D,JPN,2022-05-12
TD_112905,cust_2223,5242971.62,C,JPN,2022-05-12
FX_112906,cust_7260,8497134.2,C,CAN,2022-05-12
TD_112907,cust_6212,1259556.04,D,IND,2022-05-12
FX_112908,cust_4639,9954061.54,C,IND,2022-05-12
FX_112909,cust_9789,2341239.37,C,IND,2022-05-12
TD_112910,cust_8080,2033035.04,C,IND,2022-05-12
FX_112911,cust_7193,8846375.32,C,IND,2022-05-12
TD_112912,cust_9411,5288534.51,C,IND,2022-05-12
FX_112913,cust_6985,2988436.42,D,USA,2022-05-12
TD_112914,cust_8551,6211146.25,D,PAL,2022-05-12
FX_112915,cust_1799,8207760.93,D,AFG,2022-05-12
FX_112916,cust_6204,6111100.87,D,JPN,2022-05-12
FX_112917,cust_4704,3227420.77,D,USA,2022-05-12
TD_112918,cust_3478,6436686.23,C,IND,2022-05-12
FX_112919,cust_7109,2042908.79,D,JPN,2022-05-12
TD_112920,cust_2147,3880622.77,C,CHN,2022-05-12
TD_112921,cust_7902,1654154.89,D,CAN,2022-05-12
TD_112922,cust_8252,8101986.42,C,AFG,2022-05-12
TD_112923,cust_7611,534851.33,C,AFG,2022-05-12
TD_112924,cust_2807,766228.46,D,AFG,2022-05-12
TD_112925,cust_1461,3346194.05,C,CHN,2022-05-12
TD_112926,cust_4333,2857281.66,C,USA,2022-05-12
FX_112927,cust_4073,5336976.62,D,JPN,2022-05-12
TD_112928,cust_3143,5521874.94,D,KON,2022-05-12
TD_112929,cust_6950,8589098.92,C,PAL,2022-05-12
TD_112930,cust_4894,9415073.87,D,CAN,2022-05-12
FX_112931,cust_9009,2390766.04,C,USA,2022-05-12
TD_112932,cust_8077,3718667.78,D,CAN,2022-05-12
TD_112933,cust_5571,8763213.15,C,PAL,2022-05-12
TD_112934,cust_2957,6910544.49,C,CAN,2022-05-12
FX_112935,cust_1075,5817447.35,D,USA,2022-05-12
FX_112936,cust_2654,19303.6,C,CHN,2022-05-12
FX_112937,cust_3760,3916852.89,D,IND,2022-05-12
TD_112938,cust_8016,2034548.99,C,AFG,2022-05-12
TD_112939,cust_6714,7589854.15,C,JPN,2022-05-12
FX_112940,cust_6953,9870616.67,C,CAN,2022-05-12
FX_112941,cust_9761,6475895.72,D,IND,2022-05-12
TD_112942,cust_7918,5713572.68,D,KON,2022-05-12
FX_112943,cust_6458,534245.6,D,AFG,2022-05-12
FX_112944,cust_9420,9784937.6,C,CAN,2022-05-12
FX_112945,cust_3353,5043832.16,C,KON,2022-05-12
TD_112946,cust_9414,339021.82,D,CHN,2022-05-12
FX_112947,cust_9725,6528429.07,D,JPN,2022-05-12
TD_112948,cust_8368,9934987.28,D,CHN,2022-05-12
TD_112949,cust_3950,4809823.4,D,IND,2022-05-12
TD_112950,cust_4423,3533848.63,C,JPN,2022-05-12
TD_112951,cust_3211,3195208.23,D,USA,2022-05-12
FX_112952,cust_2792,3372896.41,C,USA,2022-05-12
FX_112953,cust_1010,6766197.17,C,AFG,2022-05-12
FX_112954,cust_6220,9144898.39,D,KON,2022-05-12
FX_112955,cust_8409,7066861.05,C,USA,2022-05-12
FX_112956,cust_4564,2908988.11,D,AFG,2022-05-12
FX_112957,cust_1772,5812045.07,C,USA,2022-05-12
TD_112958,cust_6127,4378924.33,C,CAN,2022-05-12
TD_112959,cust_8733,9950952.19,D,PAL,2022-05-12
FX_112960,cust_1876,9747143.06,D,JPN,2022-05-12
TD_112961,cust_5012,4359276.34,C,AFG,2022-05-12
FX_112962,cust_9096,6891384.3,C,CHN,2022-05-12
TD_112963,cust_8185,9833794.33,D,JPN,2022-05-12
TD_112964,cust_5101,6241895.71,D,AFG,2022-05-12
TD_112965,cust_9255,6322993.16,C,PAL,2022-05-12
TD_112966,cust_8904,7837969.89,D,JPN,2022-05-12
FX_112967,cust_1660,3408019.88,D,IND,2022-05-12
FX_112968,cust_7299,5598356.45,C,JPN,2022-05-12
FX_112969,cust_5172,7009056.41,C,CAN,2022-05-12
TD_112970,cust_3425,5494766.81,D,AFG,2022-05-12
FX_112971,cust_9973,2020599.5,C,JPN,2022-05-12
TD_112972,cust_8714,278242.46,D,CAN,2022-05-12
FX_112973,cust_1913,7076409.94,D,USA,2022-05-12
FX_112974,cust_6972,3370937.33,D,AFG,2022-05-12
TD_112975,cust_3131,5240165.81,D,AFG,2022-05-12
TD_112976,cust_1872,3210069.15,D,AFG,2022-05-12
FX_112977,cust_2530,550190.16,C,CAN,2022-05-12
FX_112978,cust_3384,336405.45,D,KON,2022-05-12
TD_112979,cust_9693,5602452.66,D,IND,2022-05-12
TD_112980,cust_3780,6890508.61,D,USA,2022-05-12
TD_112981,cust_7395,3092282.38,D,USA,2022-05-12
TD_112982,cust_7049,6239244.54,D,KON,2022-05-12
FX_112983,cust_9612,8347845.96,D,PAL,2022-05-12
FX_112984,cust_1498,5155410.59,D,CHN,2022-05-12
FX_112985,cust_1470,9589138.71,D,USA,2022-05-12
FX_112986,cust_9864,8652328.7,D,USA,2022-05-12
TD_112987,cust_4329,5418826.07,C,CAN,2022-05-12
TD_112988,cust_1673,2724222.87,D,PAL,2022-05-12
TD_112989,cust_8458,5351551.35,D,CHN,2022-05-12
FX_112990,cust_8202,6083859.94,C,AFG,2022-05-12
FX_112991,cust_8417,9926786.93,D,IND,2022-05-12
FX_112992,cust_4921,164285.55,D,CHN,2022-05-12
FX_112993,cust_8771,8547533.45,D,PAL,2022-05-12
FX_112994,cust_2593,1172619.46,D,CAN,2022-05-12
FX_112995,cust_9150,8802463.93,D,KON,2022-05-12
FX_112996,cust_5882,2687957.5,C,CAN,2022-05-12
FX_112997,cust_4359,4171130.79,D,USA,2022-05-12
FX_112998,cust_1593,9932742.25,C,IND,2022-05-12
TD_112999,cust_5440,7379341.58,D,JPN,2022-05-12
FX_113000,cust_5893,4221387.92,D,PAL,2022-05-12
TD_113001,cust_6655,9975830.96,C,JPN,2022-05-12
TD_113002,cust_7156,6240047.76,D,KON,2022-05-12
TD_113003,cust_7046,5312658.52,C,KON,2022-05-12
TD_113004,cust_8257,4827707.59,D,CAN,2022-05-12
FX_113005,cust_2674,2876584.74,C,USA,2022-05-12
FX_113006,cust_9812,6704490.01,C,KON,2022-05-12
FX_113007,cust_8708,7826427.32,C,KON,2022-05-12
FX_113008,cust_5677,596881.72,D,USA,2022-05-12
TD_113009,cust_7172,71115.91,C,USA,2022-05-12
TD_113010,cust_1933,9437243.84,D,JPN,2022-05-12
FX_113011,cust_2638,7827691.33,D,JPN,2022-05-12
TD_113012,cust_8872,6757846.55,C,JPN,2022-05-12
FX_113013,cust_7983,5401338.34,C,IND,2022-05-12
TD_113014,cust_5305,3341954.74,C,CAN,2022-05-12
FX_113015,cust_1432,9363698.34,C,KON,2022-05-12
TD_113016,cust_1188,8663544.25,C,AFG,2022-05-12
FX_113017,cust_9826,7606469.93,D,JPN,2022-05-12
TD_113018,cust_1712,603889.26,D,AFG,2022-05-12
FX_113019,cust_7924,9913590.58,D,AFG,2022-05-12
FX_113020,cust_9060,5285020.6,C,AFG,2022-05-12
TD_113021,cust_4573,287543.98,D,KON,2022-05-12
FX_113022,cust_2795,5743020.32,C,PAL,2022-05-12
TD_113023,cust_1866,8585565.05,C,KON,2022-05-12
FX_113024,cust_7513,4399905.08,D,USA,2022-05-12
FX_113025,cust_6158,2076921.77,C,CAN,2022-05-12
TD_113026,cust_6705,9739363.91,C,IND,2022-05-12
TD_113027,cust_2219,4876468.66,D,CAN,2022-05-12
TD_113028,cust_9830,2711091.34,C,CAN,2022-05-12
FX_113029,cust_9001,3645614.38,C,PAL,2022-05-12
TD_113030,cust_4926,9882549.04,D,CHN,2022-05-12
FX_113031,cust_5109,5893485.88,D,KON,2022-05-12
TD_113032,cust_2175,2574659.32,C,IND,2022-05-12
FX_113033,cust_8210,4423408.98,D,AFG,2022-05-12
TD_113034,cust_2350,9087030.41,C,CAN,2022-05-12
FX_113035,cust_4939,8070042.27,C,CHN,2022-05-12
FX_113036,cust_9901,7411204.34,C,IND,2022-05-12
TD_113037,cust_9259,921273.17,D,USA,2022-05-12
TD_113038,cust_8645,3256225.37,D,KON,2022-05-12
TD_113039,cust_8268,8200793.27,C,USA,2022-05-12
FX_113040,cust_6383,8385812.14,D,JPN,2022-05-12
TD_113041,cust_2529,4192322.45,D,CHN,2022-05-12
FX_113042,cust_2602,4799999.66,D,AFG,2022-05-12
TD_113043,cust_1057,9635518.7,D,JPN,2022-05-12
FX_113044,cust_9356,2809048.51,D,PAL,2022-05-12
FX_113045,cust_8837,8346776.65,D,CHN,2022-05-12
FX_113046,cust_5930,5820643.86,D,USA,2022-05-12
FX_113047,cust_9746,1324878.57,D,PAL,2022-05-12
TD_113048,cust_6346,8504545.49,D,AFG,2022-05-12
FX_113049,cust_7546,5275810.21,C,KON,2022-05-12
FX_113050,cust_6169,4734706.16,D,AFG,2022-05-12
TD_113051,cust_6182,110703.02,D,USA,2022-05-12
FX_113052,cust_3726,890014.49,C,USA,2022-05-12
FX_113053,cust_2241,7651421.74,D,IND,2022-05-12
FX_113054,cust_5850,6640792.44,C,JPN,2022-05-12
FX_113055,cust_6059,9867403.67,C,KON,2022-05-12
FX_113056,cust_4566,229285.1,D,JPN,2022-05-12
FX_113057,cust_3496,3619460.24,C,CAN,2022-05-12
TD_113058,cust_1482,7811379.09,D,JPN,2022-05-12
TD_113059,cust_7702,6285043.8,C,JPN,2022-05-12
TD_113060,cust_5239,2249680.12,D,IND,2022-05-12
FX_113061,cust_2779,4711519.44,C,JPN,2022-05-12
TD_113062,cust_7777,4445537.29,D,USA,2022-05-12
TD_113063,cust_4819,1346083.95,D,KON,2022-05-12
FX_113064,cust_1033,7116794.26,C,PAL,2022-05-12
FX_113065,cust_6021,4310226.9,D,USA,2022-05-12
TD_113066,cust_1430,9662214.97,D,JPN,2022-05-12
TD_113067,cust_6739,9493010.05,C,CHN,2022-05-12
FX_113068,cust_4828,6451774.59,C,CAN,2022-05-12
FX_113069,cust_4678,6648949.75,D,USA,2022-05-12
TD_113070,cust_1092,2865576.27,C,PAL,2022-05-12
FX_113071,cust_1848,975695.85,C,PAL,2022-05-12
FX_113072,cust_7236,4601191.87,D,USA,2022-05-12
FX_113073,cust_5849,8489845.37,C,CAN,2022-05-12
TD_113074,cust_3249,5056345.8,D,KON,2022-05-12
FX_113075,cust_8090,3174769.12,C,JPN,2022-05-12
FX_113076,cust_3381,668054.16,C,AFG,2022-05-12
FX_113077,cust_8291,6818565.81,C,AFG,2022-05-12
TD_113078,cust_4301,3216236.41,C,USA,2022-05-12
FX_113079,cust_4491,4681953.04,C,PAL,2022-05-12
FX_113080,cust_1173,2468748.17,C,JPN,2022-05-12
FX_113081,cust_9317,5714414.46,D,USA,2022-05-12
FX_113082,cust_1551,8904783.02,D,JPN,2022-05-12
TD_113083,cust_9865,4710922.98,C,CHN,2022-05-12
FX_113084,cust_6386,7025052.52,C,USA,2022-05-12
TD_113085,cust_9439,3105999.02,C,USA,2022-05-12
FX_113086,cust_8054,651863.88,C,PAL,2022-05-12
TD_113087,cust_2839,3563352.15,D,CAN,2022-05-12
TD_113088,cust_2608,9920268.4,C,CHN,2022-05-12
FX_113089,cust_8276,6040748.01,D,CAN,2022-05-12
FX_113090,cust_9266,1511693.06,D,IND,2022-05-12
TD_113091,cust_7549,5097214.58,D,USA,2022-05-12
TD_113092,cust_4963,5085344.07,D,USA,2022-05-12
TD_113093,cust_7906,1568354.18,D,JPN,2022-05-12
TD_113094,cust_7693,2868163.25,C,CHN,2022-05-12
TD_113095,cust_8768,1285759.56,C,IND,2022-05-12
FX_113096,cust_1484,4433031.55,D,IND,2022-05-12
FX_113097,cust_2210,9615300.71,C,USA,2022-05-12
TD_113098,cust_1040,2842221.23,D,CAN,2022-05-12
FX_113099,cust_2751,7077501.37,D,JPN,2022-05-12
TD_113100,cust_8744,9962561.54,C,AFG,2022-05-12
TD_113101,cust_6785,6743377.79,D,PAL,2022-05-12
FX_113102,cust_6281,9574561.33,C,CHN,2022-05-12
TD_113103,cust_1960,5117781.89,D,IND,2022-05-12
